,alpha,deflection,hinge_x,Re,camber,thickness,dalpha
0,0.0,0.0,0.0,100000.0,0,0.1,0.0
1,0.0,0.0,0.0,200000.0,0,0.1,0.0
2,0.0,0.0,0.0,300000.0,0,0.1,0.002
3,0.0,0.0,0.0,400000.0,0,0.1,-0.001
4,0.0,0.0,0.0,500000.0,0,0.1,-0.0
5,0.0,0.0,0.0,1000000.0,0,0.1,-0.0
6,0.0,0.0,0.0,5000000.0,0,0.1,0.001
7,0.0,0.0,0.1,100000.0,0,0.1,0.0
8,0.0,0.0,0.1,200000.0,0,0.1,0.0
9,0.0,0.0,0.1,300000.0,0,0.1,0.002
10,0.0,0.0,0.1,400000.0,0,0.1,-0.001
11,0.0,0.0,0.1,500000.0,0,0.1,-0.0
12,0.0,0.0,0.1,1000000.0,0,0.1,-0.0
13,0.0,0.0,0.1,5000000.0,0,0.1,0.001
14,0.0,0.0,0.2,100000.0,0,0.1,0.0
15,0.0,0.0,0.2,200000.0,0,0.1,0.0
16,0.0,0.0,0.2,300000.0,0,0.1,0.002
17,0.0,0.0,0.2,400000.0,0,0.1,-0.001
18,0.0,0.0,0.2,500000.0,0,0.1,-0.0
19,0.0,0.0,0.2,1000000.0,0,0.1,-0.0
20,0.0,0.0,0.2,5000000.0,0,0.1,0.001
21,0.0,0.0,0.30000000000000004,100000.0,0,0.1,0.0
22,0.0,0.0,0.30000000000000004,200000.0,0,0.1,0.0
23,0.0,0.0,0.30000000000000004,300000.0,0,0.1,0.002
24,0.0,0.0,0.30000000000000004,400000.0,0,0.1,-0.001
25,0.0,0.0,0.30000000000000004,500000.0,0,0.1,-0.0
26,0.0,0.0,0.30000000000000004,1000000.0,0,0.1,-0.0
27,0.0,0.0,0.30000000000000004,5000000.0,0,0.1,0.001
28,0.0,0.0,0.4,100000.0,0,0.1,0.0
29,0.0,0.0,0.4,200000.0,0,0.1,0.0
30,0.0,0.0,0.4,300000.0,0,0.1,0.002
31,0.0,0.0,0.4,400000.0,0,0.1,-0.001
32,0.0,0.0,0.4,500000.0,0,0.1,-0.0
33,0.0,0.0,0.4,1000000.0,0,0.1,-0.0
34,0.0,0.0,0.4,5000000.0,0,0.1,0.001
35,0.0,0.0,0.5,100000.0,0,0.1,0.0
36,0.0,0.0,0.5,200000.0,0,0.1,0.0
37,0.0,0.0,0.5,300000.0,0,0.1,0.002
38,0.0,0.0,0.5,400000.0,0,0.1,-0.001
39,0.0,0.0,0.5,500000.0,0,0.1,-0.0
40,0.0,0.0,0.5,1000000.0,0,0.1,-0.0
41,0.0,0.0,0.5,5000000.0,0,0.1,0.001
42,0.0,0.0,0.6000000000000001,100000.0,0,0.1,0.0
43,0.0,0.0,0.6000000000000001,200000.0,0,0.1,0.0
44,0.0,0.0,0.6000000000000001,300000.0,0,0.1,0.002
45,0.0,0.0,0.6000000000000001,400000.0,0,0.1,-0.001
46,0.0,0.0,0.6000000000000001,500000.0,0,0.1,-0.0
47,0.0,0.0,0.6000000000000001,1000000.0,0,0.1,-0.0
48,0.0,0.0,0.6000000000000001,5000000.0,0,0.1,0.001
49,0.0,0.0,0.7000000000000001,100000.0,0,0.1,0.0
50,0.0,0.0,0.7000000000000001,200000.0,0,0.1,0.0
51,0.0,0.0,0.7000000000000001,300000.0,0,0.1,0.002
52,0.0,0.0,0.7000000000000001,400000.0,0,0.1,-0.001
53,0.0,0.0,0.7000000000000001,500000.0,0,0.1,-0.0
54,0.0,0.0,0.7000000000000001,1000000.0,0,0.1,-0.0
55,0.0,0.0,0.7000000000000001,5000000.0,0,0.1,0.001
56,0.0,0.0,0.8,100000.0,0,0.1,0.0
57,0.0,0.0,0.8,200000.0,0,0.1,0.0
58,0.0,0.0,0.8,300000.0,0,0.1,0.002
59,0.0,0.0,0.8,400000.0,0,0.1,-0.001
60,0.0,0.0,0.8,500000.0,0,0.1,-0.0
61,0.0,0.0,0.8,1000000.0,0,0.1,-0.0
62,0.0,0.0,0.8,5000000.0,0,0.1,0.001
63,0.0,0.0,0.9,100000.0,0,0.1,0.0
64,0.0,0.0,0.9,200000.0,0,0.1,0.0
65,0.0,0.0,0.9,300000.0,0,0.1,0.002
66,0.0,0.0,0.9,400000.0,0,0.1,-0.001
67,0.0,0.0,0.9,500000.0,0,0.1,-0.0
68,0.0,0.0,0.9,1000000.0,0,0.1,-0.0
69,0.0,0.0,0.9,5000000.0,0,0.1,0.001
70,0.0,0.0,1.0,100000.0,0,0.1,0.0
71,0.0,0.0,1.0,200000.0,0,0.1,0.0
72,0.0,0.0,1.0,300000.0,0,0.1,0.002
73,0.0,0.0,1.0,400000.0,0,0.1,-0.001
74,0.0,0.0,1.0,500000.0,0,0.1,-0.0
75,0.0,0.0,1.0,1000000.0,0,0.1,-0.0
76,0.0,0.0,1.0,5000000.0,0,0.1,0.001
77,3.0,0.0,0.0,100000.0,0,0.1,-0.004999999999999893
78,3.0,0.0,0.0,200000.0,0,0.1,-0.007000000000000117
79,3.0,0.0,0.0,300000.0,0,0.1,-0.009999999999999787
80,3.0,0.0,0.0,400000.0,0,0.1,-0.01100000000000012
81,3.0,0.0,0.0,500000.0,0,0.1,0.007000000000000117
82,3.0,0.0,0.0,1000000.0,0,0.1,0.009999999999999787
83,3.0,0.0,0.0,5000000.0,0,0.1,-0.009999999999999787
84,3.0,0.0,0.1,100000.0,0,0.1,-0.004999999999999893
85,3.0,0.0,0.1,200000.0,0,0.1,-0.007000000000000117
86,3.0,0.0,0.1,300000.0,0,0.1,-0.009999999999999787
87,3.0,0.0,0.1,400000.0,0,0.1,-0.01100000000000012
88,3.0,0.0,0.1,500000.0,0,0.1,0.007000000000000117
89,3.0,0.0,0.1,1000000.0,0,0.1,0.009999999999999787
90,3.0,0.0,0.1,5000000.0,0,0.1,-0.009999999999999787
91,3.0,0.0,0.2,100000.0,0,0.1,-0.004999999999999893
92,3.0,0.0,0.2,200000.0,0,0.1,-0.007000000000000117
93,3.0,0.0,0.2,300000.0,0,0.1,-0.009999999999999787
94,3.0,0.0,0.2,400000.0,0,0.1,-0.01100000000000012
95,3.0,0.0,0.2,500000.0,0,0.1,0.007000000000000117
96,3.0,0.0,0.2,1000000.0,0,0.1,0.009999999999999787
97,3.0,0.0,0.2,5000000.0,0,0.1,-0.009999999999999787
98,3.0,0.0,0.30000000000000004,100000.0,0,0.1,-0.004999999999999893
99,3.0,0.0,0.30000000000000004,200000.0,0,0.1,-0.007000000000000117
100,3.0,0.0,0.30000000000000004,300000.0,0,0.1,-0.009999999999999787
101,3.0,0.0,0.30000000000000004,400000.0,0,0.1,-0.01100000000000012
102,3.0,0.0,0.30000000000000004,500000.0,0,0.1,0.007000000000000117
103,3.0,0.0,0.30000000000000004,1000000.0,0,0.1,0.009999999999999787
104,3.0,0.0,0.30000000000000004,5000000.0,0,0.1,-0.009999999999999787
105,3.0,0.0,0.4,100000.0,0,0.1,-0.004999999999999893
106,3.0,0.0,0.4,200000.0,0,0.1,-0.007000000000000117
107,3.0,0.0,0.4,300000.0,0,0.1,-0.009999999999999787
108,3.0,0.0,0.4,400000.0,0,0.1,-0.01100000000000012
109,3.0,0.0,0.4,500000.0,0,0.1,0.007000000000000117
110,3.0,0.0,0.4,1000000.0,0,0.1,0.009999999999999787
111,3.0,0.0,0.4,5000000.0,0,0.1,-0.009999999999999787
112,3.0,0.0,0.5,100000.0,0,0.1,-0.004999999999999893
113,3.0,0.0,0.5,200000.0,0,0.1,-0.007000000000000117
114,3.0,0.0,0.5,300000.0,0,0.1,-0.009999999999999787
115,3.0,0.0,0.5,400000.0,0,0.1,-0.01100000000000012
116,3.0,0.0,0.5,500000.0,0,0.1,0.007000000000000117
117,3.0,0.0,0.5,1000000.0,0,0.1,0.009999999999999787
118,3.0,0.0,0.5,5000000.0,0,0.1,-0.009999999999999787
119,3.0,0.0,0.6000000000000001,100000.0,0,0.1,-0.004999999999999893
120,3.0,0.0,0.6000000000000001,200000.0,0,0.1,-0.007000000000000117
121,3.0,0.0,0.6000000000000001,300000.0,0,0.1,-0.009999999999999787
122,3.0,0.0,0.6000000000000001,400000.0,0,0.1,-0.01100000000000012
123,3.0,0.0,0.6000000000000001,500000.0,0,0.1,0.007000000000000117
124,3.0,0.0,0.6000000000000001,1000000.0,0,0.1,0.009999999999999787
125,3.0,0.0,0.6000000000000001,5000000.0,0,0.1,-0.009999999999999787
126,3.0,0.0,0.7000000000000001,100000.0,0,0.1,-0.004999999999999893
127,3.0,0.0,0.7000000000000001,200000.0,0,0.1,-0.007000000000000117
128,3.0,0.0,0.7000000000000001,300000.0,0,0.1,-0.009999999999999787
129,3.0,0.0,0.7000000000000001,400000.0,0,0.1,-0.01100000000000012
130,3.0,0.0,0.7000000000000001,500000.0,0,0.1,0.007000000000000117
131,3.0,0.0,0.7000000000000001,1000000.0,0,0.1,0.009999999999999787
132,3.0,0.0,0.7000000000000001,5000000.0,0,0.1,-0.009999999999999787
133,3.0,0.0,0.8,100000.0,0,0.1,-0.004999999999999893
134,3.0,0.0,0.8,200000.0,0,0.1,-0.007000000000000117
135,3.0,0.0,0.8,300000.0,0,0.1,-0.009999999999999787
136,3.0,0.0,0.8,400000.0,0,0.1,-0.01100000000000012
137,3.0,0.0,0.8,500000.0,0,0.1,0.007000000000000117
138,3.0,0.0,0.8,1000000.0,0,0.1,0.009999999999999787
139,3.0,0.0,0.8,5000000.0,0,0.1,-0.009999999999999787
140,3.0,0.0,0.9,100000.0,0,0.1,-0.004999999999999893
141,3.0,0.0,0.9,200000.0,0,0.1,-0.007000000000000117
142,3.0,0.0,0.9,300000.0,0,0.1,-0.009999999999999787
143,3.0,0.0,0.9,400000.0,0,0.1,-0.01100000000000012
144,3.0,0.0,0.9,500000.0,0,0.1,0.007000000000000117
145,3.0,0.0,0.9,1000000.0,0,0.1,0.009999999999999787
146,3.0,0.0,0.9,5000000.0,0,0.1,-0.009999999999999787
147,3.0,0.0,1.0,100000.0,0,0.1,-0.004999999999999893
148,3.0,0.0,1.0,200000.0,0,0.1,-0.007000000000000117
149,3.0,0.0,1.0,300000.0,0,0.1,-0.009999999999999787
150,3.0,0.0,1.0,400000.0,0,0.1,-0.01100000000000012
151,3.0,0.0,1.0,500000.0,0,0.1,0.007000000000000117
152,3.0,0.0,1.0,1000000.0,0,0.1,0.009999999999999787
153,3.0,0.0,1.0,5000000.0,0,0.1,-0.009999999999999787
154,6.0,0.0,0.0,100000.0,0,0.1,-0.0019999999999997797
155,6.0,0.0,0.0,200000.0,0,0.1,-0.0030000000000001137
156,6.0,0.0,0.0,300000.0,0,0.1,-0.0039999999999995595
157,6.0,0.0,0.0,400000.0,0,0.1,-0.004999999999999893
158,6.0,0.0,0.0,500000.0,0,0.1,-0.001000000000000334
159,6.0,0.0,0.0,1000000.0,0,0.1,-0.004999999999999893
160,6.0,0.0,0.0,5000000.0,0,0.1,0.0019999999999997797
161,6.0,0.0,0.1,100000.0,0,0.1,-0.0019999999999997797
162,6.0,0.0,0.1,200000.0,0,0.1,-0.0030000000000001137
163,6.0,0.0,0.1,300000.0,0,0.1,-0.0039999999999995595
164,6.0,0.0,0.1,400000.0,0,0.1,-0.004999999999999893
165,6.0,0.0,0.1,500000.0,0,0.1,-0.001000000000000334
166,6.0,0.0,0.1,1000000.0,0,0.1,-0.004999999999999893
167,6.0,0.0,0.1,5000000.0,0,0.1,0.0019999999999997797
168,6.0,0.0,0.2,100000.0,0,0.1,-0.0019999999999997797
169,6.0,0.0,0.2,200000.0,0,0.1,-0.0030000000000001137
170,6.0,0.0,0.2,300000.0,0,0.1,-0.0039999999999995595
171,6.0,0.0,0.2,400000.0,0,0.1,-0.004999999999999893
172,6.0,0.0,0.2,500000.0,0,0.1,-0.001000000000000334
173,6.0,0.0,0.2,1000000.0,0,0.1,-0.004999999999999893
174,6.0,0.0,0.2,5000000.0,0,0.1,0.0019999999999997797
175,6.0,0.0,0.30000000000000004,100000.0,0,0.1,-0.0019999999999997797
176,6.0,0.0,0.30000000000000004,200000.0,0,0.1,-0.0030000000000001137
177,6.0,0.0,0.30000000000000004,300000.0,0,0.1,-0.0039999999999995595
178,6.0,0.0,0.30000000000000004,400000.0,0,0.1,-0.004999999999999893
179,6.0,0.0,0.30000000000000004,500000.0,0,0.1,-0.001000000000000334
180,6.0,0.0,0.30000000000000004,1000000.0,0,0.1,-0.004999999999999893
181,6.0,0.0,0.30000000000000004,5000000.0,0,0.1,0.0019999999999997797
182,6.0,0.0,0.4,100000.0,0,0.1,-0.0019999999999997797
183,6.0,0.0,0.4,200000.0,0,0.1,-0.0030000000000001137
184,6.0,0.0,0.4,300000.0,0,0.1,-0.0039999999999995595
185,6.0,0.0,0.4,400000.0,0,0.1,-0.004999999999999893
186,6.0,0.0,0.4,500000.0,0,0.1,-0.001000000000000334
187,6.0,0.0,0.4,1000000.0,0,0.1,-0.004999999999999893
188,6.0,0.0,0.4,5000000.0,0,0.1,0.0019999999999997797
189,6.0,0.0,0.5,100000.0,0,0.1,-0.0019999999999997797
190,6.0,0.0,0.5,200000.0,0,0.1,-0.0030000000000001137
191,6.0,0.0,0.5,300000.0,0,0.1,-0.0039999999999995595
192,6.0,0.0,0.5,400000.0,0,0.1,-0.004999999999999893
193,6.0,0.0,0.5,500000.0,0,0.1,-0.001000000000000334
194,6.0,0.0,0.5,1000000.0,0,0.1,-0.004999999999999893
195,6.0,0.0,0.5,5000000.0,0,0.1,0.0019999999999997797
196,6.0,0.0,0.6000000000000001,100000.0,0,0.1,-0.0019999999999997797
197,6.0,0.0,0.6000000000000001,200000.0,0,0.1,-0.0030000000000001137
198,6.0,0.0,0.6000000000000001,300000.0,0,0.1,-0.0039999999999995595
199,6.0,0.0,0.6000000000000001,400000.0,0,0.1,-0.004999999999999893
200,6.0,0.0,0.6000000000000001,500000.0,0,0.1,-0.001000000000000334
201,6.0,0.0,0.6000000000000001,1000000.0,0,0.1,-0.004999999999999893
202,6.0,0.0,0.6000000000000001,5000000.0,0,0.1,0.0019999999999997797
203,6.0,0.0,0.7000000000000001,100000.0,0,0.1,-0.0019999999999997797
204,6.0,0.0,0.7000000000000001,200000.0,0,0.1,-0.0030000000000001137
205,6.0,0.0,0.7000000000000001,300000.0,0,0.1,-0.0039999999999995595
206,6.0,0.0,0.7000000000000001,400000.0,0,0.1,-0.004999999999999893
207,6.0,0.0,0.7000000000000001,500000.0,0,0.1,-0.001000000000000334
208,6.0,0.0,0.7000000000000001,1000000.0,0,0.1,-0.004999999999999893
209,6.0,0.0,0.7000000000000001,5000000.0,0,0.1,0.0019999999999997797
210,6.0,0.0,0.8,100000.0,0,0.1,-0.0019999999999997797
211,6.0,0.0,0.8,200000.0,0,0.1,-0.0030000000000001137
212,6.0,0.0,0.8,300000.0,0,0.1,-0.0039999999999995595
213,6.0,0.0,0.8,400000.0,0,0.1,-0.004999999999999893
214,6.0,0.0,0.8,500000.0,0,0.1,-0.001000000000000334
215,6.0,0.0,0.8,1000000.0,0,0.1,-0.004999999999999893
216,6.0,0.0,0.8,5000000.0,0,0.1,0.0019999999999997797
217,6.0,0.0,0.9,100000.0,0,0.1,-0.0019999999999997797
218,6.0,0.0,0.9,200000.0,0,0.1,-0.0030000000000001137
219,6.0,0.0,0.9,300000.0,0,0.1,-0.0039999999999995595
220,6.0,0.0,0.9,400000.0,0,0.1,-0.004999999999999893
221,6.0,0.0,0.9,500000.0,0,0.1,-0.001000000000000334
222,6.0,0.0,0.9,1000000.0,0,0.1,-0.004999999999999893
223,6.0,0.0,0.9,5000000.0,0,0.1,0.0019999999999997797
224,6.0,0.0,1.0,100000.0,0,0.1,-0.0019999999999997797
225,6.0,0.0,1.0,200000.0,0,0.1,-0.0030000000000001137
226,6.0,0.0,1.0,300000.0,0,0.1,-0.0039999999999995595
227,6.0,0.0,1.0,400000.0,0,0.1,-0.004999999999999893
228,6.0,0.0,1.0,500000.0,0,0.1,-0.001000000000000334
229,6.0,0.0,1.0,1000000.0,0,0.1,-0.004999999999999893
230,6.0,0.0,1.0,5000000.0,0,0.1,0.0019999999999997797
231,9.0,0.0,0.0,300000.0,0,0.1,0.04400000000000048
232,9.0,0.0,0.0,500000.0,0,0.1,0.006000000000000227
233,9.0,0.0,0.0,1000000.0,0,0.1,0.006000000000000227
234,9.0,0.0,0.0,5000000.0,0,0.1,-0.002000000000000668
235,9.0,0.0,0.1,300000.0,0,0.1,0.04400000000000048
236,9.0,0.0,0.1,500000.0,0,0.1,0.006000000000000227
237,9.0,0.0,0.1,1000000.0,0,0.1,0.006000000000000227
238,9.0,0.0,0.1,5000000.0,0,0.1,-0.002000000000000668
239,9.0,0.0,0.2,300000.0,0,0.1,0.04400000000000048
240,9.0,0.0,0.2,500000.0,0,0.1,0.006000000000000227
241,9.0,0.0,0.2,1000000.0,0,0.1,0.006000000000000227
242,9.0,0.0,0.2,5000000.0,0,0.1,-0.002000000000000668
243,9.0,0.0,0.30000000000000004,300000.0,0,0.1,0.04400000000000048
244,9.0,0.0,0.30000000000000004,500000.0,0,0.1,0.006000000000000227
245,9.0,0.0,0.30000000000000004,1000000.0,0,0.1,0.006000000000000227
246,9.0,0.0,0.30000000000000004,5000000.0,0,0.1,-0.002000000000000668
247,9.0,0.0,0.4,300000.0,0,0.1,0.04400000000000048
248,9.0,0.0,0.4,500000.0,0,0.1,0.006000000000000227
249,9.0,0.0,0.4,1000000.0,0,0.1,0.006000000000000227
250,9.0,0.0,0.4,5000000.0,0,0.1,-0.002000000000000668
251,9.0,0.0,0.5,300000.0,0,0.1,0.04400000000000048
252,9.0,0.0,0.5,500000.0,0,0.1,0.006000000000000227
253,9.0,0.0,0.5,1000000.0,0,0.1,0.006000000000000227
254,9.0,0.0,0.5,5000000.0,0,0.1,-0.002000000000000668
255,9.0,0.0,0.6000000000000001,300000.0,0,0.1,0.04400000000000048
256,9.0,0.0,0.6000000000000001,500000.0,0,0.1,0.006000000000000227
257,9.0,0.0,0.6000000000000001,1000000.0,0,0.1,0.006000000000000227
258,9.0,0.0,0.6000000000000001,5000000.0,0,0.1,-0.002000000000000668
259,9.0,0.0,0.7000000000000001,300000.0,0,0.1,0.04400000000000048
260,9.0,0.0,0.7000000000000001,500000.0,0,0.1,0.006000000000000227
261,9.0,0.0,0.7000000000000001,1000000.0,0,0.1,0.006000000000000227
262,9.0,0.0,0.7000000000000001,5000000.0,0,0.1,-0.002000000000000668
263,9.0,0.0,0.8,300000.0,0,0.1,0.04400000000000048
264,9.0,0.0,0.8,500000.0,0,0.1,0.006000000000000227
265,9.0,0.0,0.8,1000000.0,0,0.1,0.006000000000000227
266,9.0,0.0,0.8,5000000.0,0,0.1,-0.002000000000000668
267,9.0,0.0,0.9,300000.0,0,0.1,0.04400000000000048
268,9.0,0.0,0.9,500000.0,0,0.1,0.006000000000000227
269,9.0,0.0,0.9,1000000.0,0,0.1,0.006000000000000227
270,9.0,0.0,0.9,5000000.0,0,0.1,-0.002000000000000668
271,9.0,0.0,1.0,300000.0,0,0.1,0.04400000000000048
272,9.0,0.0,1.0,500000.0,0,0.1,0.006000000000000227
273,9.0,0.0,1.0,1000000.0,0,0.1,0.006000000000000227
274,9.0,0.0,1.0,5000000.0,0,0.1,-0.002000000000000668
275,12.0,0.0,0.0,5000000.0,0,0.1,-0.0030000000000001137
276,12.0,0.0,0.1,5000000.0,0,0.1,-0.0030000000000001137
277,12.0,0.0,0.2,5000000.0,0,0.1,-0.0030000000000001137
278,12.0,0.0,0.30000000000000004,5000000.0,0,0.1,-0.0030000000000001137
279,12.0,0.0,0.4,5000000.0,0,0.1,-0.0030000000000001137
280,12.0,0.0,0.5,5000000.0,0,0.1,-0.0030000000000001137
281,12.0,0.0,0.6000000000000001,5000000.0,0,0.1,-0.0030000000000001137
282,12.0,0.0,0.7000000000000001,5000000.0,0,0.1,-0.0030000000000001137
283,12.0,0.0,0.8,5000000.0,0,0.1,-0.0030000000000001137
284,12.0,0.0,0.9,5000000.0,0,0.1,-0.0030000000000001137
285,12.0,0.0,1.0,5000000.0,0,0.1,-0.0030000000000001137
286,15.0,0.0,0.0,500000.0,0,0.1,-5.300000000000001
287,15.0,0.0,0.0,5000000.0,0,0.1,-0.005000000000000782
288,15.0,0.0,0.1,500000.0,0,0.1,-5.300000000000001
289,15.0,0.0,0.1,5000000.0,0,0.1,-0.005000000000000782
290,15.0,0.0,0.2,500000.0,0,0.1,-5.300000000000001
291,15.0,0.0,0.2,5000000.0,0,0.1,-0.005000000000000782
292,15.0,0.0,0.30000000000000004,500000.0,0,0.1,-5.300000000000001
293,15.0,0.0,0.30000000000000004,5000000.0,0,0.1,-0.005000000000000782
294,15.0,0.0,0.4,500000.0,0,0.1,-5.300000000000001
295,15.0,0.0,0.4,5000000.0,0,0.1,-0.005000000000000782
296,15.0,0.0,0.5,500000.0,0,0.1,-5.300000000000001
297,15.0,0.0,0.5,5000000.0,0,0.1,-0.005000000000000782
298,15.0,0.0,0.6000000000000001,500000.0,0,0.1,-5.300000000000001
299,15.0,0.0,0.6000000000000001,5000000.0,0,0.1,-0.005000000000000782
300,15.0,0.0,0.7000000000000001,500000.0,0,0.1,-5.300000000000001
301,15.0,0.0,0.7000000000000001,5000000.0,0,0.1,-0.005000000000000782
302,15.0,0.0,0.8,500000.0,0,0.1,-5.300000000000001
303,15.0,0.0,0.8,5000000.0,0,0.1,-0.005000000000000782
304,15.0,0.0,0.9,500000.0,0,0.1,-5.300000000000001
305,15.0,0.0,0.9,5000000.0,0,0.1,-0.005000000000000782
306,15.0,0.0,1.0,500000.0,0,0.1,-5.300000000000001
307,15.0,0.0,1.0,5000000.0,0,0.1,-0.005000000000000782
308,0.0,2.5,0.0,100000.0,0,0.1,2.487
309,0.0,2.5,0.0,200000.0,0,0.1,2.491
310,0.0,2.5,0.0,300000.0,0,0.1,2.489
311,0.0,2.5,0.0,400000.0,0,0.1,2.505
312,0.0,2.5,0.0,500000.0,0,0.1,2.498
313,0.0,2.5,0.0,1000000.0,0,0.1,2.506
314,0.0,2.5,0.0,5000000.0,0,0.1,2.491
315,0.0,2.5,0.1,200000.0,0,0.1,2.448
316,0.0,2.5,0.1,300000.0,0,0.1,2.455
317,0.0,2.5,0.1,400000.0,0,0.1,2.465
318,0.0,2.5,0.1,1000000.0,0,0.1,2.473
319,0.0,2.5,0.2,100000.0,0,0.1,2.369
320,0.0,2.5,0.2,200000.0,0,0.1,2.37
321,0.0,2.5,0.2,300000.0,0,0.1,2.382
322,0.0,2.5,0.2,400000.0,0,0.1,2.428
323,0.0,2.5,0.2,500000.0,0,0.1,2.424
324,0.0,2.5,0.2,5000000.0,0,0.1,2.442
325,0.0,2.5,0.30000000000000004,100000.0,0,0.1,2.349
326,0.0,2.5,0.30000000000000004,200000.0,0,0.1,2.267
327,0.0,2.5,0.30000000000000004,300000.0,0,0.1,2.273
328,0.0,2.5,0.30000000000000004,400000.0,0,0.1,2.354
329,0.0,2.5,0.30000000000000004,500000.0,0,0.1,2.348
330,0.0,2.5,0.30000000000000004,1000000.0,0,0.1,2.35
331,0.0,2.5,0.30000000000000004,5000000.0,0,0.1,2.398
332,0.0,2.5,0.4,100000.0,0,0.1,2.28
333,0.0,2.5,0.4,200000.0,0,0.1,2.161
334,0.0,2.5,0.4,300000.0,0,0.1,2.151
335,0.0,2.5,0.4,400000.0,0,0.1,2.265
336,0.0,2.5,0.4,1000000.0,0,0.1,2.259
337,0.0,2.5,0.4,5000000.0,0,0.1,2.289
338,0.0,2.5,0.5,200000.0,0,0.1,2.042
339,0.0,2.5,0.5,300000.0,0,0.1,2.018
340,0.0,2.5,0.5,400000.0,0,0.1,2.099
341,0.0,2.5,0.5,500000.0,0,0.1,2.091
342,0.0,2.5,0.5,1000000.0,0,0.1,2.177
343,0.0,2.5,0.5,5000000.0,0,0.1,2.116
344,0.0,2.5,0.6000000000000001,100000.0,0,0.1,1.097
345,0.0,2.5,0.6000000000000001,200000.0,0,0.1,1.884
346,0.0,2.5,0.6000000000000001,300000.0,0,0.1,1.841
347,0.0,2.5,0.6000000000000001,400000.0,0,0.1,1.836
348,0.0,2.5,0.6000000000000001,500000.0,0,0.1,1.882
349,0.0,2.5,0.6000000000000001,5000000.0,0,0.1,1.918
350,0.0,2.5,0.7000000000000001,200000.0,0,0.1,0.976
351,0.0,2.5,0.7000000000000001,300000.0,0,0.1,1.372
352,0.0,2.5,0.7000000000000001,400000.0,0,0.1,1.568
353,0.0,2.5,0.7000000000000001,500000.0,0,0.1,1.742
354,0.0,2.5,0.7000000000000001,1000000.0,0,0.1,1.877
355,0.0,2.5,0.7000000000000001,5000000.0,0,0.1,1.676
356,0.0,2.5,0.8,100000.0,0,0.1,0.648
357,0.0,2.5,0.8,200000.0,0,0.1,0.365
358,0.0,2.5,0.8,300000.0,0,0.1,0.925
359,0.0,2.5,0.8,400000.0,0,0.1,1.325
360,0.0,2.5,0.8,500000.0,0,0.1,1.471
361,0.0,2.5,0.8,1000000.0,0,0.1,1.524
362,0.0,2.5,0.8,5000000.0,0,0.1,1.366
363,0.0,2.5,0.9,100000.0,0,0.1,-0.798
364,0.0,2.5,0.9,200000.0,0,0.1,0.078
365,0.0,2.5,0.9,300000.0,0,0.1,0.43
366,0.0,2.5,0.9,400000.0,0,0.1,0.763
367,0.0,2.5,0.9,500000.0,0,0.1,0.927
368,0.0,2.5,0.9,1000000.0,0,0.1,1.015
369,0.0,2.5,0.9,5000000.0,0,0.1,0.94
370,0.0,2.5,1.0,100000.0,0,0.1,-0.004
371,0.0,2.5,1.0,200000.0,0,0.1,0.002
372,0.0,2.5,1.0,300000.0,0,0.1,0.001
373,0.0,2.5,1.0,400000.0,0,0.1,0.005
374,0.0,2.5,1.0,500000.0,0,0.1,0.005
375,0.0,2.5,1.0,1000000.0,0,0.1,0.005
376,0.0,2.5,1.0,5000000.0,0,0.1,0.004
377,3.0,2.5,0.0,100000.0,0,0.1,2.4960000000000004
378,3.0,2.5,0.0,300000.0,0,0.1,2.4989999999999997
379,3.0,2.5,0.0,400000.0,0,0.1,2.498
380,3.0,2.5,0.0,500000.0,0,0.1,2.4960000000000004
381,3.0,2.5,0.0,1000000.0,0,0.1,2.495
382,3.0,2.5,0.0,5000000.0,0,0.1,2.484
383,3.0,2.5,0.1,100000.0,0,0.1,2.66
384,3.0,2.5,0.1,200000.0,0,0.1,2.5869999999999997
385,3.0,2.5,0.1,300000.0,0,0.1,2.5540000000000003
386,3.0,2.5,0.1,400000.0,0,0.1,2.543
387,3.0,2.5,0.1,500000.0,0,0.1,2.5389999999999997
388,3.0,2.5,0.1,1000000.0,0,0.1,2.5140000000000002
389,3.0,2.5,0.1,5000000.0,0,0.1,2.492
390,3.0,2.5,0.2,100000.0,0,0.1,2.74
391,3.0,2.5,0.2,200000.0,0,0.1,2.609
392,3.0,2.5,0.2,300000.0,0,0.1,2.55
393,3.0,2.5,0.2,400000.0,0,0.1,2.5250000000000004
394,3.0,2.5,0.2,500000.0,0,0.1,2.508
395,3.0,2.5,0.2,1000000.0,0,0.1,2.4290000000000003
396,3.0,2.5,0.2,5000000.0,0,0.1,2.4290000000000003
397,3.0,2.5,0.30000000000000004,100000.0,0,0.1,2.7199999999999998
398,3.0,2.5,0.30000000000000004,300000.0,0,0.1,2.484
399,3.0,2.5,0.30000000000000004,400000.0,0,0.1,2.417
400,3.0,2.5,0.30000000000000004,500000.0,0,0.1,2.378
401,3.0,2.5,0.4,100000.0,0,0.1,2.6109999999999998
402,3.0,2.5,0.4,200000.0,0,0.1,2.444
403,3.0,2.5,0.4,300000.0,0,0.1,2.3129999999999997
404,3.0,2.5,0.4,400000.0,0,0.1,2.255
405,3.0,2.5,0.4,500000.0,0,0.1,2.223
406,3.0,2.5,0.4,1000000.0,0,0.1,2.159
407,3.0,2.5,0.4,5000000.0,0,0.1,2.2430000000000003
408,3.0,2.5,0.5,300000.0,0,0.1,2.096
409,3.0,2.5,0.5,400000.0,0,0.1,2.0460000000000003
410,3.0,2.5,0.5,500000.0,0,0.1,2.0170000000000003
411,3.0,2.5,0.6000000000000001,100000.0,0,0.1,2.069
412,3.0,2.5,0.6000000000000001,200000.0,0,0.1,1.8970000000000002
413,3.0,2.5,0.6000000000000001,300000.0,0,0.1,1.811
414,3.0,2.5,0.6000000000000001,400000.0,0,0.1,1.771
415,3.0,2.5,0.6000000000000001,500000.0,0,0.1,1.745
416,3.0,2.5,0.6000000000000001,1000000.0,0,0.1,1.8230000000000004
417,3.0,2.5,0.6000000000000001,5000000.0,0,0.1,1.947
418,3.0,2.5,0.7000000000000001,200000.0,0,0.1,1.521
419,3.0,2.5,0.7000000000000001,300000.0,0,0.1,1.455
420,3.0,2.5,0.7000000000000001,400000.0,0,0.1,1.42
421,3.0,2.5,0.7000000000000001,500000.0,0,0.1,1.3970000000000002
422,3.0,2.5,0.7000000000000001,5000000.0,0,0.1,1.689
423,3.0,2.5,0.8,200000.0,0,0.1,1.0860000000000003
424,3.0,2.5,0.8,300000.0,0,0.1,1.0380000000000003
425,3.0,2.5,0.8,400000.0,0,0.1,1.0090000000000003
426,3.0,2.5,0.8,500000.0,0,0.1,0.9910000000000001
427,3.0,2.5,0.8,1000000.0,0,0.1,1.096
428,3.0,2.5,0.8,5000000.0,0,0.1,1.3730000000000002
429,3.0,2.5,0.9,100000.0,0,0.1,0.6459999999999999
430,3.0,2.5,0.9,200000.0,0,0.1,0.685
431,3.0,2.5,0.9,300000.0,0,0.1,0.6859999999999999
432,3.0,2.5,0.9,400000.0,0,0.1,0.581
433,3.0,2.5,0.9,500000.0,0,0.1,0.31999999999999984
434,3.0,2.5,0.9,1000000.0,0,0.1,0.694
435,3.0,2.5,0.9,5000000.0,0,0.1,0.9430000000000001
436,3.0,2.5,1.0,100000.0,0,0.1,-0.005999999999999783
437,3.0,2.5,1.0,200000.0,0,0.1,-0.008000000000000007
438,3.0,2.5,1.0,300000.0,0,0.1,-0.009999999999999787
439,3.0,2.5,1.0,400000.0,0,0.1,-0.01200000000000001
440,3.0,2.5,1.0,500000.0,0,0.1,0.008999999999999897
441,3.0,2.5,1.0,1000000.0,0,0.1,0.01399999999999979
442,3.0,2.5,1.0,5000000.0,0,0.1,-0.005999999999999783
443,6.0,2.5,0.0,100000.0,0,0.1,2.8209999999999997
444,6.0,2.5,0.0,400000.0,0,0.1,2.5429999999999993
445,6.0,2.5,0.0,500000.0,0,0.1,2.5090000000000003
446,6.0,2.5,0.0,1000000.0,0,0.1,2.4990000000000006
447,6.0,2.5,0.0,5000000.0,0,0.1,2.5109999999999992
448,6.0,2.5,0.1,400000.0,0,0.1,2.6140000000000008
449,6.0,2.5,0.1,500000.0,0,0.1,2.58
450,6.0,2.5,0.1,1000000.0,0,0.1,2.5180000000000007
451,6.0,2.5,0.1,5000000.0,0,0.1,2.4939999999999998
452,6.0,2.5,0.2,200000.0,0,0.1,2.5090000000000003
453,6.0,2.5,0.2,400000.0,0,0.1,2.558
454,6.0,2.5,0.2,500000.0,0,0.1,2.5199999999999996
455,6.0,2.5,0.2,1000000.0,0,0.1,2.4529999999999994
456,6.0,2.5,0.2,5000000.0,0,0.1,2.4250000000000007
457,6.0,2.5,0.30000000000000004,200000.0,0,0.1,2.3819999999999997
458,6.0,2.5,0.30000000000000004,300000.0,0,0.1,2.4160000000000004
459,6.0,2.5,0.30000000000000004,400000.0,0,0.1,2.4320000000000004
460,6.0,2.5,0.30000000000000004,500000.0,0,0.1,2.41
461,6.0,2.5,0.30000000000000004,5000000.0,0,0.1,2.3119999999999994
462,6.0,2.5,0.4,100000.0,0,0.1,2.5890000000000004
463,6.0,2.5,0.4,300000.0,0,0.1,2.2750000000000004
464,6.0,2.5,0.4,400000.0,0,0.1,2.263
465,6.0,2.5,0.4,500000.0,0,0.1,2.269
466,6.0,2.5,0.4,5000000.0,0,0.1,2.189
467,6.0,2.5,0.5,100000.0,0,0.1,2.2040000000000006
468,6.0,2.5,0.5,200000.0,0,0.1,2.0310000000000006
469,6.0,2.5,0.5,300000.0,0,0.1,2.0660000000000007
470,6.0,2.5,0.5,400000.0,0,0.1,2.0820000000000007
471,6.0,2.5,0.5,500000.0,0,0.1,2.0920000000000005
472,6.0,2.5,0.5,1000000.0,0,0.1,2.0199999999999996
473,6.0,2.5,0.5,5000000.0,0,0.1,2.0280000000000005
474,6.0,2.5,0.6000000000000001,200000.0,0,0.1,1.8129999999999997
475,6.0,2.5,0.6000000000000001,400000.0,0,0.1,1.8559999999999999
476,6.0,2.5,0.6000000000000001,500000.0,0,0.1,1.8399999999999999
477,6.0,2.5,0.6000000000000001,1000000.0,0,0.1,1.8010000000000002
478,6.0,2.5,0.6000000000000001,5000000.0,0,0.1,1.8179999999999996
479,6.0,2.5,0.7000000000000001,100000.0,0,0.1,1.5330000000000004
480,6.0,2.5,0.7000000000000001,300000.0,0,0.1,1.5759999999999996
481,6.0,2.5,0.7000000000000001,400000.0,0,0.1,1.5940000000000003
482,6.0,2.5,0.7000000000000001,500000.0,0,0.1,1.5599999999999996
483,6.0,2.5,0.7000000000000001,1000000.0,0,0.1,1.5119999999999996
484,6.0,2.5,0.8,100000.0,0,0.1,1.1340000000000003
485,6.0,2.5,0.8,200000.0,0,0.1,1.178
486,6.0,2.5,0.8,300000.0,0,0.1,1.2309999999999999
487,6.0,2.5,0.8,400000.0,0,0.1,1.1950000000000003
488,6.0,2.5,0.8,1000000.0,0,0.1,1.1479999999999997
489,6.0,2.5,0.8,5000000.0,0,0.1,1.303
490,6.0,2.5,0.9,100000.0,0,0.1,0.6239999999999997
491,6.0,2.5,0.9,200000.0,0,0.1,0.6879999999999997
492,6.0,2.5,0.9,400000.0,0,0.1,0.6849999999999996
493,6.0,2.5,0.9,500000.0,0,0.1,0.6669999999999998
494,6.0,2.5,0.9,1000000.0,0,0.1,0.6340000000000003
495,6.0,2.5,1.0,200000.0,0,0.1,-0.001000000000000334
496,6.0,2.5,1.0,300000.0,0,0.1,0.001000000000000334
497,6.0,2.5,1.0,400000.0,0,0.1,-0.0030000000000001137
498,6.0,2.5,1.0,1000000.0,0,0.1,-0.0030000000000001137
499,6.0,2.5,1.0,5000000.0,0,0.1,0.004999999999999893
500,9.0,2.5,0.0,1000000.0,0,0.1,2.49
501,9.0,2.5,0.0,5000000.0,0,0.1,2.494999999999999
502,9.0,2.5,0.1,1000000.0,0,0.1,2.630000000000001
503,9.0,2.5,0.1,5000000.0,0,0.1,2.4890000000000008
504,9.0,2.5,0.2,1000000.0,0,0.1,2.5660000000000007
505,9.0,2.5,0.2,5000000.0,0,0.1,2.4320000000000004
506,9.0,2.5,0.30000000000000004,1000000.0,0,0.1,2.449
507,9.0,2.5,0.30000000000000004,5000000.0,0,0.1,2.3290000000000006
508,9.0,2.5,0.4,1000000.0,0,0.1,2.308
509,9.0,2.5,0.4,5000000.0,0,0.1,2.1959999999999997
510,9.0,2.5,0.5,1000000.0,0,0.1,2.1389999999999993
511,9.0,2.5,0.5,5000000.0,0,0.1,2.0380000000000003
512,9.0,2.5,0.6000000000000001,500000.0,0,0.1,2.25
513,9.0,2.5,0.6000000000000001,1000000.0,0,0.1,1.9320000000000004
514,9.0,2.5,0.6000000000000001,5000000.0,0,0.1,1.843
515,9.0,2.5,0.7000000000000001,500000.0,0,0.1,1.8970000000000002
516,9.0,2.5,0.7000000000000001,1000000.0,0,0.1,1.6769999999999996
517,9.0,2.5,0.7000000000000001,5000000.0,0,0.1,1.6059999999999999
518,9.0,2.5,0.8,400000.0,0,0.1,1.5899999999999999
519,9.0,2.5,0.8,500000.0,0,0.1,1.4320000000000004
520,9.0,2.5,0.8,1000000.0,0,0.1,1.3819999999999997
521,9.0,2.5,0.8,5000000.0,0,0.1,1.3030000000000008
522,9.0,2.5,0.9,400000.0,0,0.1,0.9740000000000002
523,9.0,2.5,0.9,500000.0,0,0.1,0.9090000000000007
524,9.0,2.5,0.9,1000000.0,0,0.1,0.8659999999999997
525,9.0,2.5,0.9,5000000.0,0,0.1,0.8610000000000007
526,9.0,2.5,1.0,300000.0,0,0.1,0.0389999999999997
527,9.0,2.5,1.0,400000.0,0,0.1,0.025000000000000355
528,9.0,2.5,1.0,500000.0,0,0.1,0.028999999999999915
529,9.0,2.5,1.0,5000000.0,0,0.1,0.0030000000000001137
530,12.0,2.5,0.0,500000.0,0,0.1,-1.67
531,12.0,2.5,0.0,5000000.0,0,0.1,2.497
532,12.0,2.5,0.1,5000000.0,0,0.1,2.5199999999999996
533,12.0,2.5,0.2,5000000.0,0,0.1,2.460000000000001
534,12.0,2.5,0.30000000000000004,5000000.0,0,0.1,2.3469999999999995
535,12.0,2.5,0.4,5000000.0,0,0.1,2.2140000000000004
536,12.0,2.5,0.5,5000000.0,0,0.1,2.058
537,12.0,2.5,0.6000000000000001,5000000.0,0,0.1,1.8699999999999992
538,12.0,2.5,0.7000000000000001,5000000.0,0,0.1,1.6400000000000006
539,12.0,2.5,0.9,5000000.0,0,0.1,0.9160000000000004
540,12.0,2.5,1.0,1000000.0,0,0.1,0.18099999999999916
541,12.0,2.5,1.0,5000000.0,0,0.1,-0.0030000000000001137
542,15.0,2.5,0.0,5000000.0,0,0.1,2.786999999999999
543,15.0,2.5,0.1,1000000.0,0,0.1,-3.7390000000000008
544,15.0,2.5,0.2,1000000.0,0,0.1,-2.773999999999999
545,15.0,2.5,0.2,5000000.0,0,0.1,3.0509999999999984
546,15.0,2.5,0.30000000000000004,5000000.0,0,0.1,2.803000000000001
547,15.0,2.5,0.4,5000000.0,0,0.1,2.753
548,15.0,2.5,0.5,5000000.0,0,0.1,2.7280000000000015
549,15.0,2.5,0.6000000000000001,5000000.0,0,0.1,2.6370000000000005
550,15.0,2.5,0.7000000000000001,5000000.0,0,0.1,2.440999999999999
551,15.0,2.5,0.8,5000000.0,0,0.1,1.9220000000000006
552,15.0,2.5,0.9,5000000.0,0,0.1,1.1739999999999995
553,15.0,2.5,1.0,5000000.0,0,0.1,-0.012000000000000455
554,0.0,5.0,0.0,100000.0,0,0.1,4.998
555,0.0,5.0,0.0,200000.0,0,0.1,4.999
556,0.0,5.0,0.0,400000.0,0,0.1,4.996
557,0.0,5.0,0.0,500000.0,0,0.1,4.996
558,0.0,5.0,0.0,5000000.0,0,0.1,4.981
559,0.0,5.0,0.1,100000.0,0,0.1,5.043
560,0.0,5.0,0.1,200000.0,0,0.1,4.961
561,0.0,5.0,0.1,300000.0,0,0.1,4.953
562,0.0,5.0,0.1,400000.0,0,0.1,4.951
563,0.0,5.0,0.1,500000.0,0,0.1,4.953
564,0.0,5.0,0.1,1000000.0,0,0.1,4.83
565,0.0,5.0,0.1,5000000.0,0,0.1,5.09
566,0.0,5.0,0.2,200000.0,0,0.1,4.93
567,0.0,5.0,0.2,300000.0,0,0.1,4.877
568,0.0,5.0,0.2,400000.0,0,0.1,4.867
569,0.0,5.0,0.2,500000.0,0,0.1,4.862
570,0.0,5.0,0.2,1000000.0,0,0.1,4.728
571,0.0,5.0,0.2,5000000.0,0,0.1,4.996
572,0.0,5.0,0.30000000000000004,100000.0,0,0.1,5.014
573,0.0,5.0,0.30000000000000004,200000.0,0,0.1,4.798
574,0.0,5.0,0.30000000000000004,300000.0,0,0.1,4.726
575,0.0,5.0,0.30000000000000004,400000.0,0,0.1,4.694
576,0.0,5.0,0.30000000000000004,500000.0,0,0.1,4.676
577,0.0,5.0,0.30000000000000004,1000000.0,0,0.1,4.486
578,0.0,5.0,0.30000000000000004,5000000.0,0,0.1,4.795
579,0.0,5.0,0.4,200000.0,0,0.1,4.573
580,0.0,5.0,0.4,300000.0,0,0.1,4.491
581,0.0,5.0,0.4,400000.0,0,0.1,4.446
582,0.0,5.0,0.4,1000000.0,0,0.1,4.235
583,0.0,5.0,0.4,5000000.0,0,0.1,4.542
584,0.0,5.0,0.5,200000.0,0,0.1,4.236
585,0.0,5.0,0.5,400000.0,0,0.1,4.102
586,0.0,5.0,0.5,1000000.0,0,0.1,4.104
587,0.0,5.0,0.6000000000000001,200000.0,0,0.1,3.768
588,0.0,5.0,0.6000000000000001,300000.0,0,0.1,3.695
589,0.0,5.0,0.6000000000000001,400000.0,0,0.1,3.348
590,0.0,5.0,0.6000000000000001,500000.0,0,0.1,3.334
591,0.0,5.0,0.6000000000000001,1000000.0,0,0.1,3.823
592,0.0,5.0,0.6000000000000001,5000000.0,0,0.1,3.83
593,0.0,5.0,0.7000000000000001,100000.0,0,0.1,1.187
594,0.0,5.0,0.7000000000000001,200000.0,0,0.1,2.689
595,0.0,5.0,0.7000000000000001,300000.0,0,0.1,2.779
596,0.0,5.0,0.7000000000000001,400000.0,0,0.1,2.816
597,0.0,5.0,0.7000000000000001,500000.0,0,0.1,3.018
598,0.0,5.0,0.7000000000000001,1000000.0,0,0.1,3.467
599,0.0,5.0,0.7000000000000001,5000000.0,0,0.1,3.345
600,0.0,5.0,0.8,100000.0,0,0.1,0.991
601,0.0,5.0,0.8,200000.0,0,0.1,0.732
602,0.0,5.0,0.8,300000.0,0,0.1,1.812
603,0.0,5.0,0.8,400000.0,0,0.1,2.327
604,0.0,5.0,0.8,500000.0,0,0.1,2.546
605,0.0,5.0,0.8,1000000.0,0,0.1,2.902
606,0.0,5.0,0.8,5000000.0,0,0.1,2.724
607,0.0,5.0,0.9,100000.0,0,0.1,0.036
608,0.0,5.0,0.9,200000.0,0,0.1,0.194
609,0.0,5.0,0.9,300000.0,0,0.1,0.884
610,0.0,5.0,0.9,400000.0,0,0.1,1.363
611,0.0,5.0,0.9,500000.0,0,0.1,1.65
612,0.0,5.0,0.9,1000000.0,0,0.1,2.014
613,0.0,5.0,0.9,5000000.0,0,0.1,1.874
614,0.0,5.0,1.0,100000.0,0,0.1,-0.004
615,0.0,5.0,1.0,200000.0,0,0.1,0.002
616,0.0,5.0,1.0,300000.0,0,0.1,0.001
617,0.0,5.0,1.0,400000.0,0,0.1,0.005
618,0.0,5.0,1.0,500000.0,0,0.1,0.004
619,0.0,5.0,1.0,1000000.0,0,0.1,0.004
620,0.0,5.0,1.0,5000000.0,0,0.1,0.003
621,3.0,5.0,0.0,200000.0,0,0.1,5.023
622,3.0,5.0,0.0,300000.0,0,0.1,5.007
623,3.0,5.0,0.0,400000.0,0,0.1,5.01
624,3.0,5.0,0.0,1000000.0,0,0.1,5.003
625,3.0,5.0,0.0,5000000.0,0,0.1,5.0
626,3.0,5.0,0.1,200000.0,0,0.1,5.2669999999999995
627,3.0,5.0,0.1,300000.0,0,0.1,5.244
628,3.0,5.0,0.1,400000.0,0,0.1,5.1739999999999995
629,3.0,5.0,0.1,500000.0,0,0.1,5.147
630,3.0,5.0,0.1,1000000.0,0,0.1,5.026
631,3.0,5.0,0.1,5000000.0,0,0.1,4.797
632,3.0,5.0,0.2,100000.0,0,0.1,5.159000000000001
633,3.0,5.0,0.2,200000.0,0,0.1,5.066000000000001
634,3.0,5.0,0.2,300000.0,0,0.1,5.08
635,3.0,5.0,0.2,400000.0,0,0.1,5.045999999999999
636,3.0,5.0,0.2,500000.0,0,0.1,5.0280000000000005
637,3.0,5.0,0.2,1000000.0,0,0.1,4.905
638,3.0,5.0,0.30000000000000004,100000.0,0,0.1,4.834
639,3.0,5.0,0.30000000000000004,200000.0,0,0.1,4.866
640,3.0,5.0,0.30000000000000004,400000.0,0,0.1,4.838
641,3.0,5.0,0.30000000000000004,1000000.0,0,0.1,4.7
642,3.0,5.0,0.30000000000000004,5000000.0,0,0.1,4.645
643,3.0,5.0,0.4,300000.0,0,0.1,4.577
644,3.0,5.0,0.4,400000.0,0,0.1,4.552
645,3.0,5.0,0.4,500000.0,0,0.1,4.488
646,3.0,5.0,0.4,1000000.0,0,0.1,4.39
647,3.0,5.0,0.4,5000000.0,0,0.1,4.426
648,3.0,5.0,0.5,100000.0,0,0.1,4.259
649,3.0,5.0,0.5,200000.0,0,0.1,4.248
650,3.0,5.0,0.5,300000.0,0,0.1,4.211
651,3.0,5.0,0.5,400000.0,0,0.1,4.137
652,3.0,5.0,0.5,500000.0,0,0.1,4.116
653,3.0,5.0,0.5,1000000.0,0,0.1,4.012
654,3.0,5.0,0.5,5000000.0,0,0.1,4.146
655,3.0,5.0,0.6000000000000001,100000.0,0,0.1,3.856
656,3.0,5.0,0.6000000000000001,200000.0,0,0.1,3.8040000000000003
657,3.0,5.0,0.6000000000000001,500000.0,0,0.1,3.615
658,3.0,5.0,0.6000000000000001,5000000.0,0,0.1,3.8049999999999997
659,3.0,5.0,0.7000000000000001,100000.0,0,0.1,3.287
660,3.0,5.0,0.7000000000000001,300000.0,0,0.1,3.1029999999999998
661,3.0,5.0,0.7000000000000001,400000.0,0,0.1,3.037
662,3.0,5.0,0.7000000000000001,500000.0,0,0.1,3.0090000000000003
663,3.0,5.0,0.7000000000000001,1000000.0,0,0.1,2.862
664,3.0,5.0,0.7000000000000001,5000000.0,0,0.1,3.348
665,3.0,5.0,0.8,100000.0,0,0.1,2.481
666,3.0,5.0,0.8,300000.0,0,0.1,2.2880000000000003
667,3.0,5.0,0.8,400000.0,0,0.1,2.25
668,3.0,5.0,0.8,500000.0,0,0.1,2.221
669,3.0,5.0,0.8,1000000.0,0,0.1,2.1319999999999997
670,3.0,5.0,0.8,5000000.0,0,0.1,2.753
671,3.0,5.0,0.9,100000.0,0,0.1,1.3259999999999996
672,3.0,5.0,0.9,200000.0,0,0.1,1.3390000000000004
673,3.0,5.0,0.9,300000.0,0,0.1,1.3280000000000003
674,3.0,5.0,0.9,400000.0,0,0.1,1.0679999999999996
675,3.0,5.0,0.9,500000.0,0,0.1,0.9129999999999998
676,3.0,5.0,0.9,1000000.0,0,0.1,1.4429999999999996
677,3.0,5.0,0.9,5000000.0,0,0.1,1.8929999999999998
678,3.0,5.0,1.0,100000.0,0,0.1,-0.007000000000000117
679,3.0,5.0,1.0,200000.0,0,0.1,-0.008999999999999897
680,3.0,5.0,1.0,300000.0,0,0.1,-0.01100000000000012
681,3.0,5.0,1.0,400000.0,0,0.1,-0.0129999999999999
682,3.0,5.0,1.0,500000.0,0,0.1,0.008999999999999897
683,3.0,5.0,1.0,1000000.0,0,0.1,0.01399999999999979
684,3.0,5.0,1.0,5000000.0,0,0.1,-0.005999999999999783
685,6.0,5.0,0.0,200000.0,0,0.1,2.7349999999999994
686,6.0,5.0,0.0,500000.0,0,0.1,5.215
687,6.0,5.0,0.0,1000000.0,0,0.1,5.0329999999999995
688,6.0,5.0,0.0,5000000.0,0,0.1,4.994999999999999
689,6.0,5.0,0.1,1000000.0,0,0.1,5.183999999999999
690,6.0,5.0,0.1,5000000.0,0,0.1,4.98
691,6.0,5.0,0.2,1000000.0,0,0.1,5.053000000000001
692,6.0,5.0,0.2,5000000.0,0,0.1,4.867000000000001
693,6.0,5.0,0.30000000000000004,500000.0,0,0.1,5.119
694,6.0,5.0,0.30000000000000004,1000000.0,0,0.1,4.823
695,6.0,5.0,0.30000000000000004,5000000.0,0,0.1,4.67
696,6.0,5.0,0.4,5000000.0,0,0.1,4.4079999999999995
697,6.0,5.0,0.5,400000.0,0,0.1,4.319000000000001
698,6.0,5.0,0.5,500000.0,0,0.1,4.244
699,6.0,5.0,0.5,1000000.0,0,0.1,4.164999999999999
700,6.0,5.0,0.5,5000000.0,0,0.1,4.09
701,6.0,5.0,0.6000000000000001,300000.0,0,0.1,3.912000000000001
702,6.0,5.0,0.6000000000000001,1000000.0,0,0.1,3.6880000000000006
703,6.0,5.0,0.6000000000000001,5000000.0,0,0.1,3.6679999999999993
704,6.0,5.0,0.7000000000000001,200000.0,0,0.1,3.430999999999999
705,6.0,5.0,0.7000000000000001,300000.0,0,0.1,3.2390000000000008
706,6.0,5.0,0.7000000000000001,400000.0,0,0.1,3.269
707,6.0,5.0,0.7000000000000001,500000.0,0,0.1,3.2959999999999994
708,6.0,5.0,0.7000000000000001,5000000.0,0,0.1,3.1609999999999996
709,6.0,5.0,0.8,400000.0,0,0.1,2.59
710,6.0,5.0,0.8,500000.0,0,0.1,2.5600000000000005
711,6.0,5.0,0.8,1000000.0,0,0.1,2.5090000000000003
712,6.0,5.0,0.8,5000000.0,0,0.1,2.5020000000000007
713,6.0,5.0,0.9,100000.0,0,0.1,1.3689999999999998
714,6.0,5.0,0.9,200000.0,0,0.1,1.4610000000000003
715,6.0,5.0,0.9,400000.0,0,0.1,1.5519999999999996
716,6.0,5.0,0.9,1000000.0,0,0.1,1.5119999999999996
717,6.0,5.0,0.9,5000000.0,0,0.1,1.737
718,6.0,5.0,1.0,100000.0,0,0.1,0.0030000000000001137
719,6.0,5.0,1.0,200000.0,0,0.1,-0.001000000000000334
720,6.0,5.0,1.0,300000.0,0,0.1,0.0
721,6.0,5.0,1.0,400000.0,0,0.1,-0.0030000000000001137
722,6.0,5.0,1.0,500000.0,0,0.1,0.0030000000000001137
723,6.0,5.0,1.0,1000000.0,0,0.1,-0.0030000000000001137
724,6.0,5.0,1.0,5000000.0,0,0.1,0.0039999999999995595
725,9.0,5.0,0.0,500000.0,0,0.1,2.08
726,9.0,5.0,0.0,5000000.0,0,0.1,4.9990000000000006
727,9.0,5.0,0.1,5000000.0,0,0.1,5.01
728,9.0,5.0,0.2,5000000.0,0,0.1,4.901
729,9.0,5.0,0.30000000000000004,5000000.0,0,0.1,4.692
730,9.0,5.0,0.4,5000000.0,0,0.1,4.422000000000001
731,9.0,5.0,0.5,5000000.0,0,0.1,4.090999999999999
732,9.0,5.0,0.7000000000000001,1000000.0,0,0.1,3.753
733,9.0,5.0,0.7000000000000001,5000000.0,0,0.1,3.2669999999999995
734,9.0,5.0,0.8,1000000.0,0,0.1,2.795
735,9.0,5.0,0.8,5000000.0,0,0.1,2.646000000000001
736,9.0,5.0,0.9,1000000.0,0,0.1,1.8049999999999997
737,9.0,5.0,0.9,5000000.0,0,0.1,1.8019999999999996
738,9.0,5.0,1.0,300000.0,0,0.1,0.0389999999999997
739,9.0,5.0,1.0,400000.0,0,0.1,0.025000000000000355
740,9.0,5.0,1.0,500000.0,0,0.1,0.02800000000000047
741,9.0,5.0,1.0,5000000.0,0,0.1,0.0030000000000001137
742,12.0,5.0,0.0,1000000.0,0,0.1,-1.3719999999999999
743,12.0,5.0,0.0,5000000.0,0,0.1,5.1179999999999986
744,12.0,5.0,0.1,500000.0,0,0.1,-0.8379999999999992
745,12.0,5.0,0.2,5000000.0,0,0.1,6.064
746,12.0,5.0,0.4,5000000.0,0,0.1,4.756
747,12.0,5.0,0.5,5000000.0,0,0.1,4.364999999999998
748,12.0,5.0,0.6000000000000001,5000000.0,0,0.1,3.878
749,12.0,5.0,0.7000000000000001,5000000.0,0,0.1,3.3610000000000007
750,12.0,5.0,0.8,5000000.0,0,0.1,2.731
751,12.0,5.0,0.9,5000000.0,0,0.1,1.8490000000000002
752,12.0,5.0,1.0,300000.0,0,0.1,-4.731
753,12.0,5.0,1.0,1000000.0,0,0.1,0.08500000000000085
754,12.0,5.0,1.0,5000000.0,0,0.1,-0.0030000000000001137
755,15.0,5.0,0.0,5000000.0,0,0.1,1.2979999999999983
756,15.0,5.0,0.1,5000000.0,0,0.1,2.684000000000001
757,15.0,5.0,0.2,1000000.0,0,0.1,-3.7669999999999995
758,15.0,5.0,0.30000000000000004,1000000.0,0,0.1,-2.7349999999999994
759,15.0,5.0,0.4,1000000.0,0,0.1,-1.4299999999999997
760,15.0,5.0,1.0,5000000.0,0,0.1,-0.016000000000000014
761,0.0,7.5,0.0,100000.0,0,0.1,7.538
762,0.0,7.5,0.0,200000.0,0,0.1,7.516
763,0.0,7.5,0.0,400000.0,0,0.1,7.53
764,0.0,7.5,0.0,500000.0,0,0.1,7.502
765,0.0,7.5,0.0,1000000.0,0,0.1,7.498
766,0.0,7.5,0.0,5000000.0,0,0.1,7.509
767,0.0,7.5,0.1,100000.0,0,0.1,7.831
768,0.0,7.5,0.1,200000.0,0,0.1,7.721
769,0.0,7.5,0.1,400000.0,0,0.1,7.646
770,0.0,7.5,0.1,500000.0,0,0.1,7.595
771,0.0,7.5,0.1,1000000.0,0,0.1,7.57
772,0.0,7.5,0.1,5000000.0,0,0.1,7.412
773,0.0,7.5,0.2,100000.0,0,0.1,7.812
774,0.0,7.5,0.2,300000.0,0,0.1,7.613
775,0.0,7.5,0.2,400000.0,0,0.1,7.572
776,0.0,7.5,0.2,500000.0,0,0.1,7.507
777,0.0,7.5,0.2,1000000.0,0,0.1,7.406
778,0.0,7.5,0.2,5000000.0,0,0.1,7.308
779,0.0,7.5,0.30000000000000004,100000.0,0,0.1,7.559
780,0.0,7.5,0.30000000000000004,200000.0,0,0.1,7.486
781,0.0,7.5,0.30000000000000004,5000000.0,0,0.1,7.072
782,0.0,7.5,0.4,100000.0,0,0.1,7.162
783,0.0,7.5,0.4,200000.0,0,0.1,7.153
784,0.0,7.5,0.4,400000.0,0,0.1,6.943
785,0.0,7.5,0.4,500000.0,0,0.1,6.87
786,0.0,7.5,0.4,1000000.0,0,0.1,6.554
787,0.0,7.5,0.4,5000000.0,0,0.1,6.76
788,0.0,7.5,0.5,100000.0,0,0.1,6.149
789,0.0,7.5,0.5,200000.0,0,0.1,6.655
790,0.0,7.5,0.5,300000.0,0,0.1,6.543
791,0.0,7.5,0.5,500000.0,0,0.1,6.187
792,0.0,7.5,0.5,1000000.0,0,0.1,6.039
793,0.0,7.5,0.5,5000000.0,0,0.1,6.315
794,0.0,7.5,0.6000000000000001,200000.0,0,0.1,5.888
795,0.0,7.5,0.6000000000000001,300000.0,0,0.1,5.606
796,0.0,7.5,0.6000000000000001,400000.0,0,0.1,5.619
797,0.0,7.5,0.6000000000000001,500000.0,0,0.1,5.592
798,0.0,7.5,0.6000000000000001,1000000.0,0,0.1,5.37
799,0.0,7.5,0.6000000000000001,5000000.0,0,0.1,5.744
800,0.0,7.5,0.7000000000000001,100000.0,0,0.1,1.618
801,0.0,7.5,0.7000000000000001,200000.0,0,0.1,4.045
802,0.0,7.5,0.7000000000000001,300000.0,0,0.1,4.759
803,0.0,7.5,0.7000000000000001,400000.0,0,0.1,4.764
804,0.0,7.5,0.7000000000000001,500000.0,0,0.1,4.753
805,0.0,7.5,0.7000000000000001,5000000.0,0,0.1,4.997
806,0.0,7.5,0.8,100000.0,0,0.1,1.311
807,0.0,7.5,0.8,200000.0,0,0.1,1.686
808,0.0,7.5,0.8,300000.0,0,0.1,2.894
809,0.0,7.5,0.8,400000.0,0,0.1,3.519
810,0.0,7.5,0.8,500000.0,0,0.1,3.613
811,0.0,7.5,0.8,1000000.0,0,0.1,3.956
812,0.0,7.5,0.8,5000000.0,0,0.1,4.061
813,0.0,7.5,0.9,100000.0,0,0.1,0.86
814,0.0,7.5,0.9,200000.0,0,0.1,0.421
815,0.0,7.5,0.9,300000.0,0,0.1,1.294
816,0.0,7.5,0.9,400000.0,0,0.1,1.9
817,0.0,7.5,0.9,500000.0,0,0.1,2.252
818,0.0,7.5,0.9,1000000.0,0,0.1,2.887
819,0.0,7.5,0.9,5000000.0,0,0.1,2.796
820,0.0,7.5,1.0,100000.0,0,0.1,-0.004
821,0.0,7.5,1.0,200000.0,0,0.1,0.003
822,0.0,7.5,1.0,300000.0,0,0.1,0.001
823,0.0,7.5,1.0,400000.0,0,0.1,0.006
824,0.0,7.5,1.0,500000.0,0,0.1,0.005
825,0.0,7.5,1.0,1000000.0,0,0.1,0.005
826,0.0,7.5,1.0,5000000.0,0,0.1,0.004
827,3.0,7.5,0.0,400000.0,0,0.1,7.7379999999999995
828,3.0,7.5,0.0,500000.0,0,0.1,7.567
829,3.0,7.5,0.0,1000000.0,0,0.1,7.545
830,3.0,7.5,0.0,5000000.0,0,0.1,7.496
831,3.0,7.5,0.1,1000000.0,0,0.1,7.676
832,3.0,7.5,0.1,5000000.0,0,0.1,7.465
833,3.0,7.5,0.2,500000.0,0,0.1,7.871
834,3.0,7.5,0.2,1000000.0,0,0.1,7.502000000000001
835,3.0,7.5,0.2,5000000.0,0,0.1,7.307
836,3.0,7.5,0.30000000000000004,1000000.0,0,0.1,7.186
837,3.0,7.5,0.30000000000000004,5000000.0,0,0.1,7.018000000000001
838,3.0,7.5,0.4,300000.0,0,0.1,7.029999999999999
839,3.0,7.5,0.4,400000.0,0,0.1,6.942
840,3.0,7.5,0.4,1000000.0,0,0.1,6.682
841,3.0,7.5,0.4,5000000.0,0,0.1,6.6080000000000005
842,3.0,7.5,0.5,300000.0,0,0.1,6.247999999999999
843,3.0,7.5,0.5,400000.0,0,0.1,6.271000000000001
844,3.0,7.5,0.5,500000.0,0,0.1,6.286
845,3.0,7.5,0.5,1000000.0,0,0.1,6.134
846,3.0,7.5,0.5,5000000.0,0,0.1,6.079000000000001
847,3.0,7.5,0.6000000000000001,200000.0,0,0.1,5.496
848,3.0,7.5,0.6000000000000001,400000.0,0,0.1,5.57
849,3.0,7.5,0.6000000000000001,500000.0,0,0.1,5.518000000000001
850,3.0,7.5,0.6000000000000001,1000000.0,0,0.1,5.449999999999999
851,3.0,7.5,0.6000000000000001,5000000.0,0,0.1,5.412000000000001
852,3.0,7.5,0.7000000000000001,100000.0,0,0.1,4.586
853,3.0,7.5,0.7000000000000001,400000.0,0,0.1,4.689
854,3.0,7.5,0.7000000000000001,500000.0,0,0.1,4.615
855,3.0,7.5,0.7000000000000001,1000000.0,0,0.1,4.649
856,3.0,7.5,0.7000000000000001,5000000.0,0,0.1,4.76
857,3.0,7.5,0.8,200000.0,0,0.1,3.6319999999999997
858,3.0,7.5,0.8,300000.0,0,0.1,3.585
859,3.0,7.5,0.8,400000.0,0,0.1,3.503
860,3.0,7.5,0.8,500000.0,0,0.1,3.569
861,3.0,7.5,0.8,1000000.0,0,0.1,3.601
862,3.0,7.5,0.9,100000.0,0,0.1,2.1020000000000003
863,3.0,7.5,0.9,200000.0,0,0.1,2.0090000000000003
864,3.0,7.5,0.9,400000.0,0,0.1,1.779
865,3.0,7.5,0.9,500000.0,0,0.1,1.9580000000000002
866,3.0,7.5,0.9,1000000.0,0,0.1,2.1369999999999996
867,3.0,7.5,0.9,5000000.0,0,0.1,2.84
868,3.0,7.5,1.0,100000.0,0,0.1,-0.005999999999999783
869,3.0,7.5,1.0,200000.0,0,0.1,-0.008000000000000007
870,3.0,7.5,1.0,300000.0,0,0.1,-0.009999999999999787
871,3.0,7.5,1.0,400000.0,0,0.1,-0.01200000000000001
872,3.0,7.5,1.0,500000.0,0,0.1,0.009999999999999787
873,3.0,7.5,1.0,1000000.0,0,0.1,0.015000000000000124
874,3.0,7.5,1.0,5000000.0,0,0.1,-0.005999999999999783
875,6.0,7.5,0.0,5000000.0,0,0.1,7.5
876,6.0,7.5,0.1,5000000.0,0,0.1,7.522
877,6.0,7.5,0.2,5000000.0,0,0.1,7.353
878,6.0,7.5,0.4,1000000.0,0,0.1,7.807
879,6.0,7.5,0.4,5000000.0,0,0.1,6.651
880,6.0,7.5,0.5,1000000.0,0,0.1,6.497999999999999
881,6.0,7.5,0.5,5000000.0,0,0.1,6.1259999999999994
882,6.0,7.5,0.6000000000000001,1000000.0,0,0.1,5.606
883,6.0,7.5,0.6000000000000001,5000000.0,0,0.1,5.505000000000001
884,6.0,7.5,0.7000000000000001,1000000.0,0,0.1,4.85
885,6.0,7.5,0.7000000000000001,5000000.0,0,0.1,4.795
886,6.0,7.5,0.8,400000.0,0,0.1,4.0120000000000005
887,6.0,7.5,0.8,500000.0,0,0.1,3.952
888,6.0,7.5,0.8,1000000.0,0,0.1,3.8770000000000007
889,6.0,7.5,0.8,5000000.0,0,0.1,3.901
890,6.0,7.5,0.9,100000.0,0,0.1,2.4299999999999997
891,6.0,7.5,0.9,300000.0,0,0.1,2.3529999999999998
892,6.0,7.5,0.9,400000.0,0,0.1,2.385
893,6.0,7.5,0.9,500000.0,0,0.1,2.391
894,6.0,7.5,0.9,1000000.0,0,0.1,2.4350000000000005
895,6.0,7.5,0.9,5000000.0,0,0.1,2.5939999999999994
896,6.0,7.5,1.0,100000.0,0,0.1,0.0039999999999995595
897,6.0,7.5,1.0,200000.0,0,0.1,0.0
898,6.0,7.5,1.0,300000.0,0,0.1,0.001000000000000334
899,6.0,7.5,1.0,400000.0,0,0.1,-0.0019999999999997797
900,6.0,7.5,1.0,500000.0,0,0.1,0.0039999999999995595
901,6.0,7.5,1.0,1000000.0,0,0.1,-0.0019999999999997797
902,6.0,7.5,1.0,5000000.0,0,0.1,0.0039999999999995595
903,9.0,7.5,0.0,1000000.0,0,0.1,2.4499999999999993
904,9.0,7.5,0.0,5000000.0,0,0.1,7.577000000000002
905,9.0,7.5,0.1,5000000.0,0,0.1,8.594000000000001
906,9.0,7.5,0.30000000000000004,5000000.0,0,0.1,7.2109999999999985
907,9.0,7.5,0.5,5000000.0,0,0.1,6.022
908,9.0,7.5,0.6000000000000001,5000000.0,0,0.1,5.5009999999999994
909,9.0,7.5,0.7000000000000001,5000000.0,0,0.1,4.846
910,9.0,7.5,0.8,5000000.0,0,0.1,3.9909999999999997
911,9.0,7.5,0.9,1000000.0,0,0.1,2.7680000000000007
912,9.0,7.5,0.9,5000000.0,0,0.1,2.726000000000001
913,9.0,7.5,1.0,300000.0,0,0.1,0.03999999999999915
914,9.0,7.5,1.0,400000.0,0,0.1,0.025000000000000355
915,9.0,7.5,1.0,500000.0,0,0.1,0.028999999999999915
916,9.0,7.5,1.0,1000000.0,0,0.1,-0.0009999999999994458
917,9.0,7.5,1.0,5000000.0,0,0.1,0.005000000000000782
918,12.0,7.5,0.0,5000000.0,0,0.1,5.509
919,12.0,7.5,0.2,1000000.0,0,0.1,1.3480000000000008
920,12.0,7.5,0.8,5000000.0,0,0.1,4.617000000000001
921,12.0,7.5,0.9,5000000.0,0,0.1,2.856
922,12.0,7.5,1.0,1000000.0,0,0.1,0.08500000000000085
923,12.0,7.5,1.0,5000000.0,0,0.1,-0.0030000000000001137
924,15.0,7.5,0.2,5000000.0,0,0.1,-0.2530000000000001
925,15.0,7.5,0.4,1000000.0,0,0.1,-2.1980000000000004
926,15.0,7.5,1.0,5000000.0,0,0.1,-0.01699999999999946
927,0.0,10.0,0.0,400000.0,0,0.1,10.102
928,0.0,10.0,0.0,500000.0,0,0.1,10.034
929,0.0,10.0,0.0,1000000.0,0,0.1,10.022
930,0.0,10.0,0.0,5000000.0,0,0.1,10.004
931,0.0,10.0,0.30000000000000004,400000.0,0,0.1,9.923
932,0.0,10.0,0.30000000000000004,500000.0,0,0.1,9.776
933,0.0,10.0,0.30000000000000004,1000000.0,0,0.1,9.478
934,0.0,10.0,0.30000000000000004,5000000.0,0,0.1,9.311
935,0.0,10.0,0.4,400000.0,0,0.1,9.321
936,0.0,10.0,0.4,1000000.0,0,0.1,8.936
937,0.0,10.0,0.4,5000000.0,0,0.1,8.766
938,0.0,10.0,0.5,100000.0,0,0.1,8.001
939,0.0,10.0,0.5,400000.0,0,0.1,8.681
940,0.0,10.0,0.5,500000.0,0,0.1,8.493
941,0.0,10.0,0.5,1000000.0,0,0.1,8.232
942,0.0,10.0,0.6000000000000001,100000.0,0,0.1,5.461
943,0.0,10.0,0.6000000000000001,300000.0,0,0.1,7.976
944,0.0,10.0,0.6000000000000001,500000.0,0,0.1,7.682
945,0.0,10.0,0.6000000000000001,1000000.0,0,0.1,7.365
946,0.0,10.0,0.6000000000000001,5000000.0,0,0.1,7.422
947,0.0,10.0,0.7000000000000001,200000.0,0,0.1,5.988
948,0.0,10.0,0.7000000000000001,400000.0,0,0.1,6.775
949,0.0,10.0,0.7000000000000001,1000000.0,0,0.1,6.264
950,0.0,10.0,0.7000000000000001,5000000.0,0,0.1,6.565
951,0.0,10.0,0.8,100000.0,0,0.1,1.618
952,0.0,10.0,0.8,200000.0,0,0.1,3.047
953,0.0,10.0,0.8,300000.0,0,0.1,4.214
954,0.0,10.0,0.8,400000.0,0,0.1,5.057
955,0.0,10.0,0.8,1000000.0,0,0.1,4.91
956,0.0,10.0,0.8,5000000.0,0,0.1,5.372
957,0.0,10.0,0.9,100000.0,0,0.1,1.004
958,0.0,10.0,0.9,200000.0,0,0.1,0.716
959,0.0,10.0,0.9,400000.0,0,0.1,2.406
960,0.0,10.0,0.9,500000.0,0,0.1,2.751
961,0.0,10.0,0.9,1000000.0,0,0.1,3.586
962,0.0,10.0,0.9,5000000.0,0,0.1,3.693
963,0.0,10.0,1.0,100000.0,0,0.1,-0.004
964,0.0,10.0,1.0,200000.0,0,0.1,0.003
965,0.0,10.0,1.0,300000.0,0,0.1,0.001
966,0.0,10.0,1.0,400000.0,0,0.1,0.007
967,0.0,10.0,1.0,500000.0,0,0.1,0.006
968,0.0,10.0,1.0,1000000.0,0,0.1,0.006
969,0.0,10.0,1.0,5000000.0,0,0.1,0.005
970,3.0,10.0,0.0,1000000.0,0,0.1,10.445
971,3.0,10.0,0.0,5000000.0,0,0.1,9.998
972,3.0,10.0,0.30000000000000004,1000000.0,0,0.1,10.463
973,3.0,10.0,0.30000000000000004,5000000.0,0,0.1,9.416
974,3.0,10.0,0.4,1000000.0,0,0.1,9.271
975,3.0,10.0,0.4,5000000.0,0,0.1,8.842
976,3.0,10.0,0.5,1000000.0,0,0.1,8.232
977,3.0,10.0,0.5,5000000.0,0,0.1,8.145
978,3.0,10.0,0.6000000000000001,400000.0,0,0.1,7.362
979,3.0,10.0,0.6000000000000001,500000.0,0,0.1,7.327
980,3.0,10.0,0.6000000000000001,1000000.0,0,0.1,7.289999999999999
981,3.0,10.0,0.6000000000000001,5000000.0,0,0.1,7.311
982,3.0,10.0,0.7000000000000001,300000.0,0,0.1,6.138
983,3.0,10.0,0.7000000000000001,400000.0,0,0.1,6.223000000000001
984,3.0,10.0,0.7000000000000001,500000.0,0,0.1,6.271000000000001
985,3.0,10.0,0.7000000000000001,1000000.0,0,0.1,6.205
986,3.0,10.0,0.7000000000000001,5000000.0,0,0.1,6.292
987,3.0,10.0,0.8,200000.0,0,0.1,4.709
988,3.0,10.0,0.8,400000.0,0,0.1,4.892
989,3.0,10.0,0.8,1000000.0,0,0.1,4.953
990,3.0,10.0,0.9,200000.0,0,0.1,2.6719999999999997
991,3.0,10.0,0.9,300000.0,0,0.1,2.51
992,3.0,10.0,0.9,500000.0,0,0.1,2.963
993,3.0,10.0,0.9,1000000.0,0,0.1,3.143
994,3.0,10.0,0.9,5000000.0,0,0.1,3.699
995,3.0,10.0,1.0,100000.0,0,0.1,-0.0040000000000000036
996,3.0,10.0,1.0,200000.0,0,0.1,-0.007000000000000117
997,3.0,10.0,1.0,300000.0,0,0.1,-0.008000000000000007
998,3.0,10.0,1.0,400000.0,0,0.1,-0.009999999999999787
999,3.0,10.0,1.0,500000.0,0,0.1,0.009999999999999787
1000,3.0,10.0,1.0,1000000.0,0,0.1,0.016000000000000014
1001,3.0,10.0,1.0,5000000.0,0,0.1,-0.005999999999999783
1002,6.0,10.0,0.0,1000000.0,0,0.1,6.397
1003,6.0,10.0,0.0,5000000.0,0,0.1,9.961
1004,6.0,10.0,0.4,5000000.0,0,0.1,8.744
1005,6.0,10.0,0.5,5000000.0,0,0.1,7.986000000000001
1006,6.0,10.0,0.6000000000000001,5000000.0,0,0.1,7.209
1007,6.0,10.0,0.7000000000000001,1000000.0,0,0.1,6.704000000000001
1008,6.0,10.0,0.7000000000000001,5000000.0,0,0.1,6.314
1009,6.0,10.0,0.8,1000000.0,0,0.1,5.2669999999999995
1010,6.0,10.0,0.8,5000000.0,0,0.1,5.175000000000001
1011,6.0,10.0,0.9,300000.0,0,0.1,3.1479999999999997
1012,6.0,10.0,0.9,400000.0,0,0.1,3.2070000000000007
1013,6.0,10.0,0.9,500000.0,0,0.1,3.2460000000000004
1014,6.0,10.0,0.9,1000000.0,0,0.1,3.4060000000000006
1015,6.0,10.0,0.9,5000000.0,0,0.1,3.564
1016,6.0,10.0,1.0,100000.0,0,0.1,0.004999999999999893
1017,6.0,10.0,1.0,200000.0,0,0.1,0.001000000000000334
1018,6.0,10.0,1.0,300000.0,0,0.1,0.0039999999999995595
1019,6.0,10.0,1.0,400000.0,0,0.1,-0.001000000000000334
1020,6.0,10.0,1.0,1000000.0,0,0.1,0.0
1021,6.0,10.0,1.0,5000000.0,0,0.1,0.004999999999999893
1022,9.0,10.0,0.5,5000000.0,0,0.1,7.942
1023,9.0,10.0,0.7000000000000001,5000000.0,0,0.1,6.244
1024,9.0,10.0,0.8,5000000.0,0,0.1,5.276
1025,9.0,10.0,0.9,5000000.0,0,0.1,3.6660000000000004
1026,9.0,10.0,1.0,300000.0,0,0.1,0.0389999999999997
1027,9.0,10.0,1.0,400000.0,0,0.1,0.025000000000000355
1028,9.0,10.0,1.0,500000.0,0,0.1,0.028999999999999915
1029,9.0,10.0,1.0,5000000.0,0,0.1,0.006999999999999673
1030,12.0,10.0,0.9,5000000.0,0,0.1,4.006
1031,12.0,10.0,1.0,300000.0,0,0.1,-4.726
1032,12.0,10.0,1.0,1000000.0,0,0.1,0.07699999999999996
1033,12.0,10.0,1.0,5000000.0,0,0.1,-0.0030000000000001137
1034,15.0,10.0,0.30000000000000004,5000000.0,0,0.1,1.4179999999999993
1035,15.0,10.0,1.0,5000000.0,0,0.1,-0.019000000000000128
1036,0.0,12.5,0.0,300000.0,0,0.1,9.818
1037,0.0,12.5,0.0,1000000.0,0,0.1,12.769
1038,0.0,12.5,0.0,5000000.0,0,0.1,12.497
1039,0.0,12.5,0.4,1000000.0,0,0.1,11.31
1040,0.0,12.5,0.4,5000000.0,0,0.1,11.056
1041,0.0,12.5,0.5,1000000.0,0,0.1,10.309
1042,0.0,12.5,0.6000000000000001,300000.0,0,0.1,11.493
1043,0.0,12.5,0.6000000000000001,500000.0,0,0.1,9.352
1044,0.0,12.5,0.6000000000000001,1000000.0,0,0.1,9.113
1045,0.0,12.5,0.6000000000000001,5000000.0,0,0.1,9.112
1046,0.0,12.5,0.7000000000000001,400000.0,0,0.1,8.17
1047,0.0,12.5,0.7000000000000001,1000000.0,0,0.1,7.76
1048,0.0,12.5,0.7000000000000001,5000000.0,0,0.1,7.858
1049,0.0,12.5,0.8,200000.0,0,0.1,4.16
1050,0.0,12.5,0.8,300000.0,0,0.1,5.988
1051,0.0,12.5,0.8,500000.0,0,0.1,6.392
1052,0.0,12.5,0.8,5000000.0,0,0.1,6.548
1053,0.0,12.5,0.9,100000.0,0,0.1,1.149
1054,0.0,12.5,0.9,200000.0,0,0.1,0.994
1055,0.0,12.5,0.9,300000.0,0,0.1,2.21
1056,0.0,12.5,0.9,400000.0,0,0.1,2.809
1057,0.0,12.5,0.9,1000000.0,0,0.1,4.186
1058,0.0,12.5,0.9,5000000.0,0,0.1,4.556
1059,0.0,12.5,1.0,100000.0,0,0.1,-0.004
1060,0.0,12.5,1.0,200000.0,0,0.1,0.003
1061,0.0,12.5,1.0,300000.0,0,0.1,0.002
1062,0.0,12.5,1.0,400000.0,0,0.1,0.008
1063,0.0,12.5,1.0,500000.0,0,0.1,0.007
1064,0.0,12.5,1.0,1000000.0,0,0.1,0.007
1065,0.0,12.5,1.0,5000000.0,0,0.1,0.007
1066,3.0,12.5,0.0,1000000.0,0,0.1,10.125
1067,3.0,12.5,0.0,5000000.0,0,0.1,12.474
1068,3.0,12.5,0.4,5000000.0,0,0.1,10.984
1069,3.0,12.5,0.5,1000000.0,0,0.1,10.346
1070,3.0,12.5,0.5,5000000.0,0,0.1,10.028
1071,3.0,12.5,0.6000000000000001,1000000.0,0,0.1,8.623
1072,3.0,12.5,0.6000000000000001,5000000.0,0,0.1,8.926
1073,3.0,12.5,0.7000000000000001,1000000.0,0,0.1,7.427
1074,3.0,12.5,0.7000000000000001,5000000.0,0,0.1,7.709
1075,3.0,12.5,0.8,200000.0,0,0.1,5.728
1076,3.0,12.5,0.8,1000000.0,0,0.1,6.127000000000001
1077,3.0,12.5,0.8,5000000.0,0,0.1,6.2989999999999995
1078,3.0,12.5,0.9,300000.0,0,0.1,3.449
1079,3.0,12.5,0.9,400000.0,0,0.1,3.755
1080,3.0,12.5,0.9,500000.0,0,0.1,3.865
1081,3.0,12.5,0.9,1000000.0,0,0.1,4.077
1082,3.0,12.5,0.9,5000000.0,0,0.1,4.444
1083,3.0,12.5,1.0,100000.0,0,0.1,-0.0040000000000000036
1084,3.0,12.5,1.0,200000.0,0,0.1,-0.005999999999999783
1085,3.0,12.5,1.0,300000.0,0,0.1,-0.008000000000000007
1086,3.0,12.5,1.0,400000.0,0,0.1,-0.009999999999999787
1087,3.0,12.5,1.0,500000.0,0,0.1,0.009999999999999787
1088,3.0,12.5,1.0,1000000.0,0,0.1,0.016999999999999904
1089,3.0,12.5,1.0,5000000.0,0,0.1,-0.0040000000000000036
1090,6.0,12.5,0.5,5000000.0,0,0.1,9.267
1091,6.0,12.5,0.6000000000000001,5000000.0,0,0.1,8.379
1092,6.0,12.5,0.7000000000000001,5000000.0,0,0.1,7.452999999999999
1093,6.0,12.5,0.8,5000000.0,0,0.1,6.369999999999999
1094,6.0,12.5,0.9,400000.0,0,0.1,4.0440000000000005
1095,6.0,12.5,0.9,500000.0,0,0.1,4.131
1096,6.0,12.5,0.9,1000000.0,0,0.1,4.3580000000000005
1097,6.0,12.5,0.9,5000000.0,0,0.1,4.465999999999999
1098,6.0,12.5,1.0,100000.0,0,0.1,0.006000000000000227
1099,6.0,12.5,1.0,200000.0,0,0.1,0.0030000000000001137
1100,6.0,12.5,1.0,300000.0,0,0.1,0.0039999999999995595
1101,6.0,12.5,1.0,400000.0,0,0.1,0.001000000000000334
1102,6.0,12.5,1.0,500000.0,0,0.1,0.006000000000000227
1103,6.0,12.5,1.0,1000000.0,0,0.1,0.0
1104,6.0,12.5,1.0,5000000.0,0,0.1,0.006000000000000227
1105,9.0,12.5,0.7000000000000001,5000000.0,0,0.1,7.9780000000000015
1106,9.0,12.5,0.8,5000000.0,0,0.1,6.513
1107,9.0,12.5,0.9,5000000.0,0,0.1,4.566000000000001
1108,9.0,12.5,1.0,300000.0,0,0.1,0.03999999999999915
1109,9.0,12.5,1.0,500000.0,0,0.1,0.031000000000000583
1110,9.0,12.5,1.0,1000000.0,0,0.1,0.0009999999999994458
1111,9.0,12.5,1.0,5000000.0,0,0.1,0.007999999999999119
1112,12.0,12.5,1.0,1000000.0,0,0.1,0.08500000000000085
1113,12.0,12.5,1.0,5000000.0,0,0.1,-0.0030000000000001137
1114,15.0,12.5,1.0,5000000.0,0,0.1,-0.01699999999999946
1115,0.0,15.0,0.0,500000.0,0,0.1,9.693
1116,0.0,15.0,0.0,5000000.0,0,0.1,14.994
1117,0.0,15.0,0.5,1000000.0,0,0.1,11.901
1118,0.0,15.0,0.5,5000000.0,0,0.1,12.129
1119,0.0,15.0,0.6000000000000001,400000.0,0,0.1,10.518
1120,0.0,15.0,0.6000000000000001,500000.0,0,0.1,10.368
1121,0.0,15.0,0.6000000000000001,1000000.0,0,0.1,10.349
1122,0.0,15.0,0.6000000000000001,5000000.0,0,0.1,10.754
1123,0.0,15.0,0.7000000000000001,500000.0,0,0.1,8.769
1124,0.0,15.0,0.7000000000000001,1000000.0,0,0.1,8.733
1125,0.0,15.0,0.7000000000000001,5000000.0,0,0.1,9.024
1126,0.0,15.0,0.8,400000.0,0,0.1,7.272
1127,0.0,15.0,0.8,1000000.0,0,0.1,6.916
1128,0.0,15.0,0.8,5000000.0,0,0.1,7.409
1129,0.0,15.0,0.9,100000.0,0,0.1,1.283
1130,0.0,15.0,0.9,200000.0,0,0.1,1.626
1131,0.0,15.0,0.9,300000.0,0,0.1,2.843
1132,0.0,15.0,0.9,5000000.0,0,0.1,5.365
1133,0.0,15.0,1.0,100000.0,0,0.1,-0.004
1134,0.0,15.0,1.0,300000.0,0,0.1,0.003
1135,0.0,15.0,1.0,400000.0,0,0.1,0.01
1136,0.0,15.0,1.0,500000.0,0,0.1,0.01
1137,0.0,15.0,1.0,1000000.0,0,0.1,0.009
1138,0.0,15.0,1.0,5000000.0,0,0.1,0.009
1139,3.0,15.0,0.6000000000000001,1000000.0,0,0.1,10.627
1140,3.0,15.0,0.6000000000000001,5000000.0,0,0.1,10.008
1141,3.0,15.0,0.7000000000000001,5000000.0,0,0.1,8.65
1142,3.0,15.0,0.8,400000.0,0,0.1,7.082000000000001
1143,3.0,15.0,0.8,500000.0,0,0.1,7.048
1144,3.0,15.0,0.8,1000000.0,0,0.1,7.0760000000000005
1145,3.0,15.0,0.8,5000000.0,0,0.1,7.2780000000000005
1146,3.0,15.0,0.9,200000.0,0,0.1,3.7809999999999997
1147,3.0,15.0,0.9,400000.0,0,0.1,4.563
1148,3.0,15.0,0.9,500000.0,0,0.1,4.678
1149,3.0,15.0,0.9,1000000.0,0,0.1,4.938
1150,3.0,15.0,0.9,5000000.0,0,0.1,5.151999999999999
1151,3.0,15.0,1.0,100000.0,0,0.1,-0.0009999999999998899
1152,3.0,15.0,1.0,200000.0,0,0.1,-0.0030000000000001137
1153,3.0,15.0,1.0,300000.0,0,0.1,-0.005999999999999783
1154,3.0,15.0,1.0,400000.0,0,0.1,-0.007000000000000117
1155,3.0,15.0,1.0,500000.0,0,0.1,0.01100000000000012
1156,3.0,15.0,1.0,1000000.0,0,0.1,0.017999999999999794
1157,3.0,15.0,1.0,5000000.0,0,0.1,-0.0019999999999997797
1158,6.0,15.0,0.5,5000000.0,0,0.1,10.678999999999998
1159,6.0,15.0,0.6000000000000001,5000000.0,0,0.1,9.475
1160,6.0,15.0,0.7000000000000001,5000000.0,0,0.1,8.4
1161,6.0,15.0,0.8,5000000.0,0,0.1,7.271000000000001
1162,6.0,15.0,0.9,500000.0,0,0.1,5.423
1163,6.0,15.0,0.9,1000000.0,0,0.1,5.266
1164,6.0,15.0,0.9,5000000.0,0,0.1,5.303000000000001
1165,6.0,15.0,1.0,100000.0,0,0.1,0.006999999999999673
1166,6.0,15.0,1.0,200000.0,0,0.1,0.0039999999999995595
1167,6.0,15.0,1.0,300000.0,0,0.1,0.006000000000000227
1168,6.0,15.0,1.0,400000.0,0,0.1,0.0030000000000001137
1169,6.0,15.0,1.0,500000.0,0,0.1,0.008000000000000007
1170,6.0,15.0,1.0,1000000.0,0,0.1,0.0030000000000001137
1171,6.0,15.0,1.0,5000000.0,0,0.1,0.008000000000000007
1172,9.0,15.0,0.8,5000000.0,0,0.1,8.113
1173,9.0,15.0,0.9,5000000.0,0,0.1,5.442
1174,9.0,15.0,1.0,300000.0,0,0.1,0.04100000000000037
1175,9.0,15.0,1.0,500000.0,0,0.1,0.031000000000000583
1176,9.0,15.0,1.0,1000000.0,0,0.1,0.002000000000000668
1177,9.0,15.0,1.0,5000000.0,0,0.1,0.009999999999999787
1178,12.0,15.0,1.0,1000000.0,0,0.1,0.08500000000000085
1179,12.0,15.0,1.0,5000000.0,0,0.1,-0.0009999999999994458
1180,15.0,15.0,1.0,5000000.0,0,0.1,-0.016000000000000014
1181,0.0,17.5,0.6000000000000001,1000000.0,0,0.1,11.266
1182,0.0,17.5,0.6000000000000001,5000000.0,0,0.1,11.768
1183,0.0,17.5,0.7000000000000001,500000.0,0,0.1,9.53
1184,0.0,17.5,0.7000000000000001,1000000.0,0,0.1,9.521
1185,0.0,17.5,0.7000000000000001,5000000.0,0,0.1,9.964
1186,0.0,17.5,0.8,1000000.0,0,0.1,7.7
1187,0.0,17.5,0.8,5000000.0,0,0.1,8.064
1188,0.0,17.5,0.9,100000.0,0,0.1,1.387
1189,0.0,17.5,0.9,200000.0,0,0.1,2.248
1190,0.0,17.5,0.9,1000000.0,0,0.1,5.026
1191,0.0,17.5,0.9,5000000.0,0,0.1,6.042
1192,0.0,17.5,1.0,100000.0,0,0.1,-0.004
1193,0.0,17.5,1.0,200000.0,0,0.1,0.003
1194,0.0,17.5,1.0,300000.0,0,0.1,0.004
1195,0.0,17.5,1.0,400000.0,0,0.1,0.012
1196,0.0,17.5,1.0,500000.0,0,0.1,0.013
1197,0.0,17.5,1.0,1000000.0,0,0.1,0.012
1198,0.0,17.5,1.0,5000000.0,0,0.1,0.011
1199,3.0,17.5,0.6000000000000001,5000000.0,0,0.1,10.889
1200,3.0,17.5,0.7000000000000001,1000000.0,0,0.1,9.74
1201,3.0,17.5,0.7000000000000001,5000000.0,0,0.1,9.51
1202,3.0,17.5,0.8,500000.0,0,0.1,8.198
1203,3.0,17.5,0.8,1000000.0,0,0.1,7.901
1204,3.0,17.5,0.8,5000000.0,0,0.1,8.027
1205,3.0,17.5,0.9,100000.0,0,0.1,4.22
1206,3.0,17.5,0.9,300000.0,0,0.1,4.972
1207,3.0,17.5,0.9,500000.0,0,0.1,5.438000000000001
1208,3.0,17.5,0.9,1000000.0,0,0.1,5.712999999999999
1209,3.0,17.5,0.9,5000000.0,0,0.1,5.9239999999999995
1210,3.0,17.5,1.0,100000.0,0,0.1,0.0009999999999998899
1211,3.0,17.5,1.0,200000.0,0,0.1,0.0
1212,3.0,17.5,1.0,300000.0,0,0.1,-0.0019999999999997797
1213,3.0,17.5,1.0,400000.0,0,0.1,-0.0030000000000001137
1214,3.0,17.5,1.0,500000.0,0,0.1,0.01200000000000001
1215,3.0,17.5,1.0,1000000.0,0,0.1,0.019000000000000128
1216,3.0,17.5,1.0,5000000.0,0,0.1,-0.0009999999999998899
1217,6.0,17.5,0.6000000000000001,5000000.0,0,0.1,10.875
1218,6.0,17.5,0.7000000000000001,5000000.0,0,0.1,9.301
1219,6.0,17.5,0.8,5000000.0,0,0.1,8.044
1220,6.0,17.5,0.9,1000000.0,0,0.1,6.32
1221,6.0,17.5,0.9,5000000.0,0,0.1,6.090999999999999
1222,6.0,17.5,1.0,100000.0,0,0.1,0.008000000000000007
1223,6.0,17.5,1.0,200000.0,0,0.1,0.006000000000000227
1224,6.0,17.5,1.0,300000.0,0,0.1,0.009000000000000341
1225,6.0,17.5,1.0,400000.0,0,0.1,0.004999999999999893
1226,6.0,17.5,1.0,500000.0,0,0.1,0.01100000000000012
1227,6.0,17.5,1.0,1000000.0,0,0.1,0.006999999999999673
1228,6.0,17.5,1.0,5000000.0,0,0.1,0.008000000000000007
1229,9.0,17.5,0.9,5000000.0,0,0.1,6.305999999999999
1230,9.0,17.5,1.0,300000.0,0,0.1,0.04100000000000037
1231,9.0,17.5,1.0,500000.0,0,0.1,0.031000000000000583
1232,9.0,17.5,1.0,1000000.0,0,0.1,0.002000000000000668
1233,9.0,17.5,1.0,5000000.0,0,0.1,0.0129999999999999
1234,12.0,17.5,1.0,1000000.0,0,0.1,0.06199999999999939
1235,12.0,17.5,1.0,5000000.0,0,0.1,-0.0030000000000001137
1236,15.0,17.5,1.0,5000000.0,0,0.1,-0.022999999999999687
1237,0.0,20.0,0.1,500000.0,0,0.1,11.022
1238,0.0,20.0,0.2,1000000.0,0,0.1,12.338
1239,0.0,20.0,0.7000000000000001,1000000.0,0,0.1,10.3
1240,0.0,20.0,0.7000000000000001,5000000.0,0,0.1,10.703
1241,0.0,20.0,0.8,1000000.0,0,0.1,8.372
1242,0.0,20.0,0.8,5000000.0,0,0.1,8.746
1243,0.0,20.0,0.9,1000000.0,0,0.1,5.498
1244,0.0,20.0,0.9,5000000.0,0,0.1,6.451
1245,0.0,20.0,1.0,100000.0,0,0.1,-0.004
1246,0.0,20.0,1.0,200000.0,0,0.1,0.003
1247,0.0,20.0,1.0,300000.0,0,0.1,0.005
1248,0.0,20.0,1.0,400000.0,0,0.1,0.015
1249,0.0,20.0,1.0,500000.0,0,0.1,0.016
1250,0.0,20.0,1.0,1000000.0,0,0.1,0.016
1251,0.0,20.0,1.0,5000000.0,0,0.1,0.015
1252,3.0,20.0,0.2,5000000.0,0,0.1,10.121
1253,3.0,20.0,0.7000000000000001,5000000.0,0,0.1,10.233
1254,3.0,20.0,0.8,1000000.0,0,0.1,8.706
1255,3.0,20.0,0.8,5000000.0,0,0.1,8.703
1256,3.0,20.0,0.9,300000.0,0,0.1,5.5009999999999994
1257,3.0,20.0,0.9,500000.0,0,0.1,5.961
1258,3.0,20.0,0.9,1000000.0,0,0.1,6.24
1259,3.0,20.0,0.9,5000000.0,0,0.1,6.503
1260,3.0,20.0,1.0,200000.0,0,0.1,0.004999999999999893
1261,3.0,20.0,1.0,300000.0,0,0.1,0.0019999999999997797
1262,3.0,20.0,1.0,400000.0,0,0.1,0.0009999999999998899
1263,3.0,20.0,1.0,500000.0,0,0.1,0.01399999999999979
1264,3.0,20.0,1.0,1000000.0,0,0.1,0.020999999999999908
1265,3.0,20.0,1.0,5000000.0,0,0.1,0.0009999999999998899
1266,6.0,20.0,0.2,5000000.0,0,0.1,7.664
1267,6.0,20.0,0.7000000000000001,5000000.0,0,0.1,10.463000000000001
1268,6.0,20.0,0.8,5000000.0,0,0.1,8.772
1269,6.0,20.0,0.9,5000000.0,0,0.1,6.757999999999999
1270,6.0,20.0,1.0,100000.0,0,0.1,0.009999999999999787
1271,6.0,20.0,1.0,200000.0,0,0.1,0.009000000000000341
1272,6.0,20.0,1.0,400000.0,0,0.1,0.009999999999999787
1273,6.0,20.0,1.0,500000.0,0,0.1,0.014000000000000234
1274,6.0,20.0,1.0,1000000.0,0,0.1,0.0129999999999999
1275,6.0,20.0,1.0,5000000.0,0,0.1,0.009000000000000341
1276,9.0,20.0,0.9,5000000.0,0,0.1,7.254999999999999
1277,9.0,20.0,1.0,300000.0,0,0.1,0.04100000000000037
1278,9.0,20.0,1.0,500000.0,0,0.1,0.031000000000000583
1279,9.0,20.0,1.0,1000000.0,0,0.1,0.0039999999999995595
1280,9.0,20.0,1.0,5000000.0,0,0.1,0.019000000000000128
1281,12.0,20.0,1.0,1000000.0,0,0.1,0.06199999999999939
1282,12.0,20.0,1.0,5000000.0,0,0.1,-0.0030000000000001137
1283,15.0,20.0,1.0,500000.0,0,0.1,-5.08
1284,15.0,20.0,1.0,5000000.0,0,0.1,-0.023999999999999133
1285,0.0,22.5,0.8,1000000.0,0,0.1,9.012
1286,0.0,22.5,0.8,5000000.0,0,0.1,9.366
1287,0.0,22.5,0.9,500000.0,0,0.1,5.749
1288,0.0,22.5,0.9,1000000.0,0,0.1,5.912
1289,0.0,22.5,0.9,5000000.0,0,0.1,6.817
1290,0.0,22.5,1.0,100000.0,0,0.1,-0.004
1291,0.0,22.5,1.0,200000.0,0,0.1,0.003
1292,0.0,22.5,1.0,300000.0,0,0.1,0.006
1293,0.0,22.5,1.0,400000.0,0,0.1,0.017
1294,0.0,22.5,1.0,500000.0,0,0.1,0.019
1295,0.0,22.5,1.0,1000000.0,0,0.1,0.02
1296,0.0,22.5,1.0,5000000.0,0,0.1,0.018
1297,3.0,22.5,0.7000000000000001,5000000.0,0,0.1,10.91
1298,3.0,22.5,0.8,5000000.0,0,0.1,9.327
1299,3.0,22.5,0.9,500000.0,0,0.1,6.566000000000001
1300,3.0,22.5,0.9,1000000.0,0,0.1,6.746
1301,3.0,22.5,0.9,5000000.0,0,0.1,6.9510000000000005
1302,3.0,22.5,1.0,100000.0,0,0.1,0.008999999999999897
1303,3.0,22.5,1.0,200000.0,0,0.1,0.008999999999999897
1304,3.0,22.5,1.0,300000.0,0,0.1,0.007000000000000117
1305,3.0,22.5,1.0,400000.0,0,0.1,0.005999999999999783
1306,3.0,22.5,1.0,500000.0,0,0.1,0.015000000000000124
1307,3.0,22.5,1.0,1000000.0,0,0.1,0.021999999999999797
1308,3.0,22.5,1.0,5000000.0,0,0.1,0.0030000000000001137
1309,6.0,22.5,0.8,5000000.0,0,0.1,9.483
1310,6.0,22.5,0.9,5000000.0,0,0.1,7.192
1311,6.0,22.5,1.0,100000.0,0,0.1,0.011999999999999567
1312,6.0,22.5,1.0,200000.0,0,0.1,0.011999999999999567
1313,6.0,22.5,1.0,300000.0,0,0.1,0.017000000000000348
1314,6.0,22.5,1.0,400000.0,0,0.1,0.0129999999999999
1315,6.0,22.5,1.0,500000.0,0,0.1,0.017999999999999794
1316,6.0,22.5,1.0,1000000.0,0,0.1,0.017000000000000348
1317,6.0,22.5,1.0,5000000.0,0,0.1,0.009999999999999787
1318,9.0,22.5,0.9,5000000.0,0,0.1,8.536999999999999
1319,9.0,22.5,1.0,300000.0,0,0.1,0.04100000000000037
1320,9.0,22.5,1.0,500000.0,0,0.1,0.03200000000000003
1321,9.0,22.5,1.0,1000000.0,0,0.1,0.0039999999999995595
1322,9.0,22.5,1.0,5000000.0,0,0.1,0.02200000000000024
1323,12.0,22.5,1.0,1000000.0,0,0.1,0.05799999999999983
1324,12.0,22.5,1.0,5000000.0,0,0.1,-0.0030000000000001137
1325,15.0,22.5,1.0,5000000.0,0,0.1,-0.0259999999999998
1326,0.0,25.0,0.4,5000000.0,0,0.1,13.668
1327,0.0,25.0,0.7000000000000001,1000000.0,0,0.1,11.789
1328,0.0,25.0,0.7000000000000001,5000000.0,0,0.1,11.881
1329,0.0,25.0,0.8,1000000.0,0,0.1,9.626
1330,0.0,25.0,0.8,5000000.0,0,0.1,9.939
1331,0.0,25.0,0.9,5000000.0,0,0.1,7.131
1332,0.0,25.0,1.0,100000.0,0,0.1,-0.004
1333,0.0,25.0,1.0,300000.0,0,0.1,0.008
1334,0.0,25.0,1.0,400000.0,0,0.1,0.02
1335,0.0,25.0,1.0,500000.0,0,0.1,0.023
1336,0.0,25.0,1.0,1000000.0,0,0.1,0.024
1337,0.0,25.0,1.0,5000000.0,0,0.1,0.023
1338,3.0,25.0,0.1,1000000.0,0,0.1,9.694
1339,3.0,25.0,0.4,5000000.0,0,0.1,12.553
1340,3.0,25.0,0.7000000000000001,5000000.0,0,0.1,11.571
1341,3.0,25.0,0.8,5000000.0,0,0.1,9.894
1342,3.0,25.0,0.9,500000.0,0,0.1,7.074999999999999
1343,3.0,25.0,0.9,5000000.0,0,0.1,7.362
1344,3.0,25.0,1.0,200000.0,0,0.1,0.0129999999999999
1345,3.0,25.0,1.0,300000.0,0,0.1,0.01100000000000012
1346,3.0,25.0,1.0,400000.0,0,0.1,0.008999999999999897
1347,3.0,25.0,1.0,500000.0,0,0.1,0.016000000000000014
1348,3.0,25.0,1.0,5000000.0,0,0.1,0.005999999999999783
1349,6.0,25.0,0.8,5000000.0,0,0.1,10.433
1350,6.0,25.0,0.9,5000000.0,0,0.1,7.654999999999999
1351,6.0,25.0,1.0,100000.0,0,0.1,0.01499999999999968
1352,6.0,25.0,1.0,200000.0,0,0.1,0.014000000000000234
1353,6.0,25.0,1.0,300000.0,0,0.1,0.019999999999999574
1354,6.0,25.0,1.0,400000.0,0,0.1,0.01499999999999968
1355,6.0,25.0,1.0,500000.0,0,0.1,0.020999999999999908
1356,6.0,25.0,1.0,1000000.0,0,0.1,0.019000000000000128
1357,6.0,25.0,1.0,5000000.0,0,0.1,0.011999999999999567
1358,9.0,25.0,1.0,300000.0,0,0.1,0.041999999999999815
1359,9.0,25.0,1.0,500000.0,0,0.1,0.034000000000000696
1360,9.0,25.0,1.0,1000000.0,0,0.1,0.006999999999999673
1361,9.0,25.0,1.0,5000000.0,0,0.1,0.023999999999999133
1362,12.0,25.0,1.0,1000000.0,0,0.1,0.06199999999999939
1363,12.0,25.0,1.0,5000000.0,0,0.1,0.0
1364,15.0,25.0,1.0,5000000.0,0,0.1,-0.022999999999999687
