Time (s),Latitude (°),Longitude (°),Altitude (m),Altitude WGS84 (m),Speed (m/s),Direction (°),Distance (km),Horizontal Accuracy (m),Vertical Accuracy (m),Satellites
1.084548698,42.28700624,-70.94552751,1628.046271,1599.135742,112.1100006,199,0.149722063,8.448616982,7.418447018,0
1.894638072,42.28572177,-70.94607351,1622.414572,1593.500488,112.7600021,198.3000031,0.264182017,7.344918728,6.870052814,22
2.890304322,42.28474319,-70.94650515,1618.333304,1589.416504,112.8000031,198.3999939,0.37881127,5.292158127,5.302354336,23
3.898934738,42.28376485,-70.94694435,1614.217371,1585.297852,112.8099976,198.3000031,0.493061852,4.660759926,4.448504448,23
4.894212863,42.28278689,-70.94737031,1607.317252,1578.39502,112.8799973,198.1999969,0.60601615,4.540790081,4.398195744,23
5.896023019,42.28181989,-70.94779086,1601.006457,1572.081543,112.8399963,198.1000061,0.718740987,4.50813961,4.408452034,25
6.896531664,42.28085733,-70.94822081,1592.865578,1563.937988,112.8600006,198.1000061,0.831955541,4.304545403,4.201343536,25
7.895555153,42.27988853,-70.94864411,1585.607524,1556.677246,112.9499969,197.8999939,0.945908519,4.135856152,3.926972389,25
8.899551195,42.27891382,-70.94907187,1578.263062,1549.330078,112.8899994,198.1000061,1.059064971,3.991467476,3.756125689,24
9.898046351,42.27794709,-70.94950146,1571.424806,1542.489136,112.9100037,198,1.17156977,3.872913361,3.636485338,24
10.90229526,42.27698398,-70.94992048,1564.75951,1535.821167,113,197.8999939,1.285212495,3.816090345,3.554311037,25
11.89860333,42.27600953,-70.95033696,1557.881716,1528.940674,113.0299988,197.8999939,1.398477264,3.859870195,3.625174999,25
12.89967276,42.27504039,-70.95076079,1550.647102,1521.703369,113.0899963,197.8999939,1.511051763,3.790092468,3.529876471,23
13.90236927,42.27407622,-70.9511781,1543.943844,1514.997437,113.1100006,197.8999939,1.624136771,3.790092468,3.397115469,23
14.89944354,42.27310779,-70.95159777,1536.807249,1507.858154,113.1100006,198,1.737000378,3.790092468,3.376187086,23
15.89933812,42.27214355,-70.95202616,1530.382074,1501.430298,113.1800003,198.1000061,1.850923786,3.790092468,3.213086843,23
16.90191666,42.27116877,-70.95245241,1523.933853,1494.97937,113.1800003,198.1000061,1.964638688,3.790092468,3.068193436,22
17.90415218,42.27019516,-70.9528753,1517.558137,1488.600952,113.2300034,198,2.077895201,3.790092468,3.042160511,22
18.89931822,42.26922634,-70.9533001,1510.934852,1481.974976,113.1999969,198,2.191291931,3.790092468,3.004007578,22
19.90244499,42.26825659,-70.95372654,1504.114061,1475.151489,113.3099976,198,2.304896267,3.790092468,2.959925413,23
20.90168077,42.26728363,-70.95414775,1497.239076,1468.273804,113.25,198,2.418051348,3.790092468,2.759068012,24
21.89794588,42.26631732,-70.95457893,1490.519109,1461.551147,113.2600021,198,2.531201819,3.790092468,2.830099344,24
22.89865103,42.26534813,-70.95499795,1483.439157,1454.468506,113.3099976,197.8999939,2.644182188,3.790092468,2.876007557,25
23.89837332,42.26437944,-70.95541227,1476.641185,1447.667847,113.3600006,197.8999939,2.757840818,3.790092468,2.696126223,25
24.89864687,42.2634059,-70.95583317,1469.308926,1440.332886,113.3700027,197.8000031,2.871763323,3.790092468,2.54662776,25
25.89927801,42.26243205,-70.95626319,1462.056508,1433.077759,113.3799973,197.8000031,2.985359359,3.790092468,2.5,24
26.89911239,42.26145932,-70.956685,1454.534552,1425.553101,113.3600006,197.6999969,3.099044183,3.790092468,2.5,24
27.8985453,42.26048438,-70.95710098,1447.853174,1418.869019,113.4199982,197.8000031,3.212626386,3.790092468,2.5,24
28.90485572,42.2595104,-70.95751692,1440.82426,1411.837402,113.4700012,197.6000061,3.325875985,3.790092468,2.5,24
29.89920702,42.25854046,-70.95793668,1434.070606,1405.081055,113.3899994,197.8000031,3.439444813,3.790092468,2.5,24
30.9068041,42.2575647,-70.95834437,1427.670232,1398.677979,113.3700027,197.6999969,3.552870173,3.790092468,2.5,25
31.89890738,42.25659286,-70.9587631,1420.507526,1391.512573,113.3899994,197.6999969,3.666445286,3.790092468,2.5,25
32.89747051,42.25561811,-70.95917542,1414.077489,1385.079834,113.3199997,197.8000031,3.779393812,3.790092468,2.5,25
33.90717061,42.25465009,-70.95959125,1407.354591,1378.354248,113.3399963,197.6999969,3.892956782,3.790092468,2.5,24
34.89938478,42.25367638,-70.96000753,1400.645502,1371.642456,113.2600021,197.8000031,4.006055403,3.790092468,2.5,24
35.89882092,42.25270734,-70.96042503,1394.207154,1365.201416,113.2300034,197.8000031,4.119465594,3.790092468,2.5,24
36.90315316,42.25173558,-70.96084346,1387.111709,1358.103271,113.2699966,197.8000031,4.232588536,3.790092468,2.5,23
37.90279671,42.25076668,-70.96126251,1380.287863,1351.276733,113.1699982,197.6999969,4.345692416,3.790092468,2.5,24
38.89937858,42.24979632,-70.96167457,1373.732939,1344.719116,113.1699982,197.6999969,4.458798077,3.790092468,2.5,24
39.89867816,42.24882571,-70.96208562,1367.309607,1338.293091,113.1299973,197.6999969,4.571328466,3.790092468,2.5,25
40.90177176,42.24786077,-70.96249772,1360.059235,1331.040039,113.0599976,197.6999969,4.68502043,3.790092468,2.5,26
41.90000498,42.24688499,-70.96291029,1353.895438,1324.873535,113.0699997,197.6999969,4.798285553,3.790092468,2.5,26
42.90315327,42.24591586,-70.96333398,1347.673159,1318.64856,113,197.6999969,4.911409424,3.790092468,2.5,26
43.90472462,42.24494476,-70.96374363,1341.118359,1312.091064,112.9899979,197.6000061,5.024671677,3.790092468,2.5,25
44.88984201,42.24397523,-70.96416552,1334.12423,1305.094238,113.0400009,197.6999969,5.137803885,3.790092468,2.5,25
45.89458092,42.24300751,-70.96458983,1327.307222,1298.274536,112.9599991,197.6999969,5.25082272,3.790092468,2.5,25
46.90132097,42.24203833,-70.96500346,1320.7949,1291.759521,113.0199966,197.6999969,5.363402945,3.790092468,2.5,25
47.90986904,42.2410746,-70.96542263,1313.800145,1284.762085,113.0100021,197.6000061,5.476521391,3.790092468,2.5,25
48.89690196,42.24010415,-70.96583483,1306.80284,1277.762085,113.0999985,197.5,5.589610025,3.790092468,2.5,25
49.89860066,42.23913362,-70.96624547,1299.526727,1270.483276,113.0500031,197.3999939,5.702823714,4.056087494,2.780668497,24
50.90185186,42.23816417,-70.96666573,1292.937383,1263.891235,113.0699997,197.6999969,5.816084756,3.790092468,2.561592817,24
51.90209587,42.23719546,-70.96709095,1286.892108,1257.843262,113.1800003,197.5,5.929636672,3.790092468,2.591208458,25
52.89967805,42.23622047,-70.96750116,1279.825235,1250.773682,113.0699997,197.6000061,6.042568626,3.790092468,2.819671631,25
53.90248774,42.23525786,-70.96793855,1271.991987,1242.937744,113,198,6.15548319,4.160432816,3.706910133,25
54.9074954,42.23429227,-70.9683631,1264.236499,1235.179565,113.1299973,197.8000031,6.268459113,4.383610249,4.281003952,25
55.89808217,42.23332323,-70.96877554,1258.414608,1229.35498,113.1100006,197.8000031,6.38157859,3.879794836,3.540599823,25
56.90820409,42.23235481,-70.96919635,1251.535102,1222.472778,113.1399994,197.8000031,6.495088157,3.790092468,3.515790701,25
57.8941156,42.23137898,-70.96960112,1245.07089,1216.005859,113.1500015,197.6999969,6.608711509,3.790092468,3.218853235,25
58.9004081,42.23040021,-70.96999756,1236.846061,1207.77832,113.1399994,197.6999969,6.721576363,3.790092468,3.275636196,25
59.89683008,42.22943268,-70.97041195,1230.387326,1201.316895,113.0999985,197.8000031,6.83498974,3.790092468,3.471722364,25
60.90020503,42.2284607,-70.97082942,1223.72426,1194.651123,113.1399994,197.8000031,6.947842613,3.790092468,3.238636732,25
61.89693461,42.22749289,-70.97124212,1217.452659,1188.376831,113.0800018,197.8999939,7.061229207,3.790092468,2.99887538,24
62.90088076,42.22652514,-70.9716761,1210.215738,1181.137207,113.0599976,197.8000031,7.174216954,9.935046196,2.961691856,25
63.9003092,42.22555633,-70.97208995,1203.67046,1174.589233,113.0199966,197.8000031,7.287171108,9.935046196,3.065689564,26
64.89729706,42.2245867,-70.97249891,1197.747007,1168.663086,113.0299988,197.8000031,7.400364718,9.935046196,2.955389977,26
65.88895117,42.22361696,-70.97291705,1191.228834,1162.142212,112.9599991,197.8000031,7.513257033,9.935046196,2.92783761,25
66.89705919,42.22265058,-70.97333735,1185.0743,1155.984985,112.9599991,197.8000031,7.62626811,9.935046196,2.825717926,26
67.89968404,42.22168297,-70.97375719,1178.143281,1149.05127,112.9899979,197.6999969,7.73922646,9.935046196,2.722428083,26
68.89941247,42.22071495,-70.97417319,1171.56663,1142.471924,112.8499985,197.8000031,7.852023897,9.935046196,2.568277121,26
69.90721862,42.21974718,-70.97458377,1164.784898,1135.6875,112.8600006,197.8000031,7.964940156,9.935046196,2.543172836,25
70.89641831,42.21877982,-70.97500087,1158.666499,1129.566406,112.8600006,197.6999969,8.078289355,9.935046196,2.5,25
71.89985169,42.21781001,-70.97542485,1151.961929,1122.859131,112.7799988,197.8000031,8.191559638,9.935046196,2.5,26
72.89925779,42.21683886,-70.97584003,1144.838412,1115.73291,112.8099976,197.6999969,8.304595328,9.935046196,2.5,26
73.90316726,42.215868,-70.97624693,1137.934006,1108.825806,112.7600021,197.6000061,8.41760131,9.935046196,2.5,26
74.89828393,42.21489941,-70.97666238,1131.645933,1102.535034,112.6999969,197.6000061,8.530592582,9.935046196,2.5,26
75.90338831,42.21393073,-70.97707685,1125.470652,1096.357056,112.7200012,197.6999969,8.643509241,9.935046196,2.5,26
76.90274659,42.21296399,-70.97749654,1118.521321,1089.405029,112.6299973,197.6000061,8.755845335,9.935046196,2.5,26
77.89711096,42.21200094,-70.97790865,1110.943071,1081.824097,112.6399994,197.6000061,8.868661901,9.935046196,2.5,26
78.9001632,42.21103243,-70.97831676,1104.349452,1075.227783,112.5999985,197.6000061,8.981095601,9.935046196,2.5,26
79.8960907,42.21006778,-70.97872595,1098.347133,1069.222778,112.5299988,197.6000061,9.093836947,9.935046196,2.5,25
80.89849315,42.20910105,-70.97913865,1092.401461,1063.274414,112.4899979,197.6999969,9.206341536,9.935046196,2.5,26
81.89863487,42.20813525,-70.97954575,1086.877538,1057.747803,112.4100037,197.6000061,9.319038719,9.935046196,2.5,26
82.89638705,42.2071681,-70.97995485,1081.111309,1051.978882,112.2799988,197.6000061,9.431023144,9.935046196,2.5,26
83.90668856,42.20620821,-70.98036625,1076.478853,1047.34375,112.0599976,197.6000061,9.543253381,9.935046196,2.5,26
84.89963382,42.20524585,-70.980777,1071.883267,1042.745483,111.9599991,197.5,9.655255772,9.935046196,2.5,26
85.90323585,42.20428528,-70.98118621,1067.661334,1038.520874,111.7399979,197.6999969,9.7668338,9.935046196,2.5,26
86.90384689,42.20333006,-70.98160111,1063.948424,1034.805298,111.5199966,197.6000061,9.878282874,9.935046196,2.5,26
87.89688929,42.20237422,-70.98200822,1059.878456,1030.732666,111.2600021,197.6999969,9.990015662,9.935046196,2.5,26
88.89889752,42.20141608,-70.98241693,1055.958763,1026.810303,111.0699997,197.6000061,10.1004704,9.935046196,2.5,26
89.90182028,42.20047161,-70.98283236,1052.160133,1023.009033,110.5500031,197.8000031,10.21093683,9.935046196,2.5,26
90.89914684,42.19952526,-70.98324038,1047.986015,1018.832275,110.5599976,197.6999969,10.32101377,9.935046196,2.5,26
91.90165194,42.19858277,-70.98364916,1043.985717,1014.829346,110.1699982,197.8999939,10.43097745,9.935046196,2.5,26
92.90493486,42.19764067,-70.98405507,1040.711734,1011.552734,109.9899979,197.8000031,10.5411554,9.935046196,2.5,26
93.90104252,42.19669789,-70.98446662,1037.3047,1008.143066,109.7200012,198.3999939,10.65038157,9.935046196,2.5,26
94.90152642,42.19576666,-70.98488856,1033.918883,1004.754639,109.3799973,199,10.75967196,9.935046196,2.5,26
95.89935569,42.19484313,-70.98534256,1030.95738,1001.790527,109.1800003,200.1999969,10.86880409,9.935046196,2.5,26
96.89771955,42.19392495,-70.9858105,1028.044455,998.875,109.0599976,201.1999969,10.97703234,9.935046196,2.616013288,26
97.89750106,42.19302848,-70.98632215,1023.692047,994.5200195,108.7399979,203.6000061,11.08586308,9.935046196,2.549713373,26
98.90108153,42.19214027,-70.98687704,1019.057903,989.8833008,108.4000015,205.6000061,11.1935937,9.935046196,2.589360476,26
99.90352054,42.19127733,-70.98747152,1014.921032,985.7438965,108.1900024,207.8999939,11.30135494,9.935046196,2.610492706,26
100.9040246,42.19043177,-70.98811063,1009.914757,980.7351074,107.9899979,210.3999939,11.40896287,9.935046196,2.532506704,25
101.9022263,42.18960531,-70.98879016,1006.110359,976.9282227,107.7200012,212.6000061,11.51621742,9.935046196,2.564926386,23
102.9044076,42.188813,-70.98953263,1001.175783,971.9912109,107.6600037,215.8999939,11.6239422,9.935046196,2.5,22
103.9002743,42.18803783,-70.9903169,996.6701423,967.4831543,107.4599991,218.3000031,11.73051048,9.935046196,2.5,22
104.9009356,42.18727636,-70.99110233,991.5961078,962.4067383,106.8300018,218,11.8378384,9.935046196,2.674296856,22
105.9068222,42.18658871,-70.99201648,986.0267175,956.835083,107.4300003,224.3000031,11.9448575,9.935046196,2.5,22
106.8987627,42.18589985,-70.9929236,980.4686793,951.2747803,107.0100021,225.8000031,12.05175246,9.935046196,2.535407066,23
107.9027362,42.18524651,-70.99387532,974.3326946,945.1365967,106.7799988,228.3999939,12.16002767,9.935046196,2.5,22
108.9025744,42.18457699,-70.99482953,967.1530518,937.9547119,108.0400009,227.3000031,12.26727164,9.935046196,2.793387175,22
109.9003463,42.18395129,-70.99582005,960.231008,931.0305176,107.3399963,229.1999969,12.37396734,10.22001648,3.618943691,23
110.8979055,42.18335959,-70.99683947,956.5524241,927.3498535,107.2799988,231,12.47652091,10.92010021,4.638094902,22
111.9044399,42.18284942,-70.99787636,950.9793548,921.7749023,103.8199997,234,12.58498542,11.16664314,5.166656494,22
112.9046026,42.18235626,-70.99901211,947.6108873,918.404541,107.5699997,236.5,12.69438976,11.40056133,5.639852047,23
113.8974989,42.18187958,-71.00017365,942.7693679,913.5611572,108.2099991,238.3000031,12.80385656,11.65459347,5.755764484,23
114.8995075,42.18150041,-71.00139968,941.5418811,912.3320313,108.8899994,242.1999969,12.91589226,12.02855396,5.617580414,23
115.9025143,42.18114427,-71.0026716,937.7534473,908.5419922,109.6600037,244.6000061,13.02512258,12.32690525,5.742714405,23
116.8948209,42.18076989,-71.00389719,936.8588334,907.645752,109.9499969,245.6000061,13.1271683,13.21120358,6.103523254,23
117.9020942,42.18052255,-71.0050898,934.3448582,905.1304932,106.6500015,248.3000031,13.23418485,13.23178291,5.973879814,23
118.8986117,42.18027212,-71.00634382,933.0633462,903.8476563,107.6600037,250.1000061,13.34171264,13.54464722,5.738175869,21
119.9010697,42.17994797,-71.00757328,932.8700218,903.652832,108.5400009,249.6000061,13.45417229,14.73758698,6.182786465,21
120.8985055,42.17995851,-71.00893801,928.8529181,899.6350098,107.4800034,256.3999939,13.56142609,13.9414978,5.998378277,21
121.8979487,42.17993594,-71.01023928,928.3318359,899.1131592,107.1200027,259.6000061,13.66878391,13.85272789,5.785784245,22
122.8991206,42.17980901,-71.01153086,929.2128705,899.9931641,106.75,259.2999878,13.77485142,14.31284904,5.685326576,22
123.906474,42.17972224,-71.01281275,929.5873274,900.3666992,106.0899963,260.7999878,13.88208113,15.0734148,5.679656506,22
124.8983209,42.179687,-71.01411321,930.5290457,901.3076172,106.0999985,262.5,13.9875911,15.62293148,5.570383549,23
125.8974402,42.17961189,-71.01538965,930.7907989,901.5684814,105.3000031,262.7999878,14.10206719,17.48775482,5.940209389,23
126.9003303,42.17989395,-71.01672576,927.9772099,898.7548828,105,269.2999878,14.20608627,16.11164665,6.268991947,24
127.9022371,42.17985475,-71.01798702,927.6503621,898.4272461,103.7399979,267.1000061,14.37178993,18.06397057,6.165507793,24
128.9015636,42.18087017,-71.01945888,923.639907,894.4185791,113.6900024,285.8999939,14.48130206,12.33489799,5.5465765,23
129.8986043,42.18113503,-71.02073897,921.0362927,891.8149414,108.9499969,283.6000061,14.59062562,11.59762669,5.365535259,24
130.9011454,42.18139369,-71.022019,920.3861855,891.1647949,109.3099976,284.6000061,14.69960349,11.02878761,4.905889511,24
131.8974453,42.18165936,-71.02329206,920.070041,890.8486328,109.3700027,285.2999878,14.80955505,10.68213463,4.497434616,24
132.8989816,42.18193784,-71.02457245,918.8849716,889.6635742,109.3300018,285.5,14.92048376,10.45648956,4.149477482,24
133.9010085,42.18223058,-71.02585945,915.7145179,886.4931641,109.7300034,286.3999939,15.03023539,10.3243742,3.983842373,24
134.9072313,42.18251939,-71.02713314,914.708862,885.4875488,109.5800018,286.6000061,15.13889804,10.15715027,3.62270689,24
135.8977495,42.18279903,-71.02839677,913.5685805,884.34729,109.3199997,286.8999939,15.24865981,10.07769966,3.421914101,24
136.8965601,42.18309097,-71.0296693,911.9104504,882.689209,109.0800018,287.1000061,15.35660427,10.0210743,3.332242727,24
137.8970962,42.18338464,-71.03091799,910.4422444,881.2210693,108.5899963,287.2999878,15.464544,9.968050003,3.223273277,24
138.8980875,42.18367024,-71.03217003,910.2443246,881.0231934,108.3600006,287.2999878,15.57244308,9.935046196,3.192167759,24
139.8992732,42.18397688,-71.03341246,909.1858724,879.9648438,107.7699966,287.7000122,15.67938769,9.935046196,3.02650094,23
140.9066813,42.18425762,-71.03465389,909.0044389,879.7834473,107.4300003,287.6000061,15.7872876,9.935046196,2.888781786,24
141.9012681,42.18456315,-71.03589684,908.9557557,879.7348633,106.9700012,287.7999878,15.89395238,9.935046196,2.903229237,25
142.8986659,42.18486289,-71.03712659,907.5940918,878.373291,106.6200027,287.7999878,16.0002466,9.935046196,2.790847063,24
143.9011126,42.1851629,-71.03835149,907.6198759,878.3991699,106.2200012,287.8999939,16.105815,9.935046196,2.728559256,24
144.9031073,42.18545664,-71.0395699,908.1786316,878.9580078,105.9100037,287.8999939,16.2112295,9.935046196,2.705342054,23
145.9000773,42.1857512,-71.04078599,908.1792785,878.9587402,105.5100021,288,16.31718357,9.935046196,2.770270586,23
146.8951557,42.18605394,-71.04200533,907.3591057,878.1386719,105.3499985,288.1000061,16.42258214,9.935046196,2.919627666,23
147.9060645,42.18636344,-71.04321445,906.7925723,877.5722656,105.2799988,288.7999878,16.52765274,9.935046196,2.867238283,23
148.8995437,42.18667222,-71.0444197,906.4735974,877.253418,104.9400024,289.7999878,16.63334575,9.935046196,2.755199671,24
149.8984509,42.18700763,-71.04562,906.3505969,877.1306152,105.3899994,290.8999939,16.73828565,9.935046196,2.793055058,24
150.8983676,42.18736456,-71.04679908,906.5577303,877.3380127,105.2200012,292.6000061,16.84367533,9.935046196,2.840648174,24
151.8989941,42.18774753,-71.04796916,907.1295387,877.9101563,105.5100021,294.6000061,16.94908271,9.935046196,2.95872879,24
152.901756,42.18816556,-71.04911742,907.3538338,878.1348877,105.8199997,296.8999939,17.0546487,9.935046196,3.097053051,24
153.8997629,42.18862117,-71.05024154,906.9430104,877.7246094,106.2699966,299.5,17.1610944,9.935046196,3.171242237,25
154.8966455,42.18911396,-71.0513492,905.8461703,876.628418,106.1999969,301.6000061,17.2677229,9.935046196,3.207334518,25
155.8978347,42.18963829,-71.05243282,904.2587584,875.041748,106.8199997,304.1000061,17.37399132,9.953339577,3.269004345,25
156.9025456,42.19018856,-71.05348742,903.1715088,873.9553223,106.5,305.7999878,17.48167408,10.05167675,3.554721117,24
157.9015498,42.19078799,-71.05451398,899.2972537,870.0820313,107.7300034,309.1000061,17.58979166,10.02713776,3.532112598,23
158.911515,42.19142325,-71.0555075,894.785194,865.5710449,108.5299988,311.8999939,17.69714014,9.970152855,3.42431426,23
159.8997794,42.19205539,-71.05649233,891.1039483,861.8908691,107.8700027,311.3999939,17.8028214,10.16663551,4.070938587,23
160.9000746,42.1927017,-71.05743285,884.6955917,855.4836426,106.6399994,312.3999939,17.91477546,11.11349583,5.673522949,23
161.9020158,42.19351399,-71.05823578,882.2770936,853.0667725,109.9499969,321.6000061,18.02439751,10.20590591,4.283175945,24
162.9066893,42.19428271,-71.05906889,877.964192,848.7553711,108.7900009,321.7999878,18.13327823,10.12384033,4.195807934,23
163.898308,42.19507408,-71.05984725,873.019489,843.8122559,108.6399994,324.8999939,18.2415365,10.04427528,4.11517334,24
164.8997306,42.1958784,-71.06058772,869.4504649,840.244873,108.3799973,326.8999939,18.34840994,10.08136463,4.248210907,24
165.8969168,42.19668548,-71.06129221,867.6768244,838.4729004,107.5299988,327.2999878,18.4583897,10.35100842,4.665054321,24
166.902723,42.19752061,-71.06200751,868.2833676,839.0811768,109.5800018,327.6000061,18.56935604,11.14586449,5.003071308,24
167.9064781,42.1983726,-71.06270891,868.3890059,839.1885986,110.6399994,328.2000122,18.68036222,12.40130711,5.355686665,24
168.8978634,42.19922206,-71.06341681,868.092677,838.894043,111.1399994,328.2999878,18.79039999,13.05670261,5.434430122,22
169.9017142,42.2001586,-71.06384832,865.7130889,836.5166016,109.5599976,333.6000061,18.896536,12.48194218,5.252528667,21
170.8999318,42.20104616,-71.06432235,864.2943424,835.0998535,107.9899979,334.7000122,18.9982791,12.71874714,5.16527462,21
171.8996488,42.20192338,-71.0646736,860.03034,830.8378906,104.8300018,338.2000122,19.10800886,11.7924099,5.022919178,20
172.9008726,42.20284058,-71.0651651,855.9889693,826.798584,107.6299973,338.3999939,19.21735915,11.07146168,4.816085815,20
173.8990218,42.20376585,-71.0656148,847.2212369,818.032959,107.9100037,339.5,19.32568783,10.78469467,4.712710381,22
174.9032092,42.204681,-71.0660658,842.9792879,813.7930908,107.4400024,339.5,19.43392358,10.65879726,4.811188698,22
175.9007318,42.20560527,-71.06647795,835.6491597,806.4650879,107.6200027,340.7999878,19.54203374,10.58449745,4.434078217,23
176.9016066,42.20652806,-71.06689129,830.3018241,801.119873,107.4499969,341.5,19.64891942,10.60906029,4.142950058,23
177.8967666,42.207439,-71.0673056,826.0548612,796.875,107.2799988,342.3999939,19.75706852,10.4510355,4.218641758,22
178.8992157,42.20837227,-71.06767526,820.8961958,791.7185059,107.5699997,343.5,19.86464106,10.39534092,4.162250042,22
179.8909119,42.20930728,-71.06801051,815.5849193,786.4094238,107.4899979,344.5,19.97228265,10.43427181,4.17794466,23
180.8971592,42.21024425,-71.06833899,810.6288588,781.4555664,107.5599976,345.8999939,20.08094755,10.39557266,3.990933657,23
181.8964977,42.21119757,-71.06862916,804.9105287,775.739502,107.6999969,347.2999878,20.18912203,10.32398319,3.833076,24
182.8887479,42.21214839,-71.06890701,799.5171493,770.3483887,107.3099976,347.8999939,20.29626328,10.31917286,3.783046007,24
183.8937279,42.21309321,-71.06916223,794.8089535,765.6424561,107.1200027,349,20.40461922,10.42590141,3.680000544,25
184.8983798,42.21405716,-71.06935502,791.01962,761.8554688,107.7699966,351.7000122,20.5117823,10.20299625,3.473211288,24
185.898213,42.21501209,-71.06953057,787.3706808,758.2088623,107.6999969,352.8999939,20.61934644,10.11387825,3.379819155,26
186.9010407,42.21597368,-71.06967286,783.2092551,754.0498047,107.7300034,354.2999878,20.72760572,9.939128876,3.304632425,25
187.9021618,42.21694317,-71.06979351,778.7722848,749.6152344,107.7099991,355.7000122,20.83518586,9.935046196,3.28043437,24
188.903023,42.217908,-71.06989034,774.4435896,745.2889404,107.8099976,356.8999939,20.94340434,9.935046196,3.38556838,24
189.9018014,42.21888058,-71.06993844,769.3147989,740.1625977,108.0100021,358.2999878,21.05126374,9.935046196,3.424209118,23
190.9006127,42.21985045,-71.06996012,764.3477437,735.197998,108,359.7000122,21.15941272,9.935046196,3.518701553,23
191.9008011,42.22082301,-71.06994718,759.1145492,729.9672852,107.8799973,1,21.26756611,10.05736637,3.533243179,23
192.9006979,42.22179489,-71.06989504,753.7210564,724.5762939,108.0800018,2.799999952,21.37548547,9.935046196,3.438752413,24
193.9062263,42.22276407,-71.06982563,749.2640844,720.1218262,108.0299988,4.199999809,21.48380636,9.935046196,3.433598518,24
194.9014347,42.22373483,-71.06971593,744.8294249,715.6896973,108.1200027,5.5,21.59220575,9.935046196,3.364578485,24
195.8997657,42.2247037,-71.06957023,739.9362541,710.7990723,108.1299973,6.800000191,21.70025284,9.935046196,3.202266455,24
196.9114109,42.2256662,-71.06939018,735.4786274,706.3439941,108.0899963,7.900000095,21.8084764,9.935046196,3.032536268,23
197.8982909,42.22662849,-71.06919324,731.6332964,702.5012207,107.9100037,8.800000191,21.9172344,9.935046196,3.181876421,23
198.896701,42.22759274,-71.06897187,726.8926832,697.7631836,108.1600037,10,22.02540095,9.935046196,3.028546333,24
199.9009832,42.22854984,-71.06873706,723.3520318,694.2250977,108.1100006,10.80000019,22.13353072,9.935046196,3.016084671,25
200.9013596,42.22950392,-71.06848311,719.0926275,689.9682617,108.0199966,11.5,22.24126927,9.935046196,3.206524134,25
201.8985559,42.23045151,-71.06821008,714.4684828,685.3466797,107.9499969,12.19999981,22.34956514,9.935046196,3.228274822,24
202.9010162,42.23140185,-71.06792235,709.8111199,680.6918945,107.9800034,12.89999962,22.45796165,9.935046196,3.708771467,24
203.8891146,42.23234965,-71.06761445,705.3803145,676.2636719,107.9599991,13.69999981,22.56573992,9.935046196,3.217277765,25
204.893971,42.23329155,-71.06730554,700.1243283,671.0102539,107.8799973,14.10000038,22.67399321,9.935046196,3.09073329,25
205.8983235,42.23423538,-71.06698316,697.0504584,667.9389648,107.7799988,14.60000038,22.78194946,9.935046196,2.884260416,24
206.8962984,42.23517403,-71.06664813,691.3840653,662.2751465,107.6800003,15.10000038,22.89001164,9.935046196,2.63706851,25
207.8980189,42.23611192,-71.06630429,686.5555598,657.4492188,107.6100006,15.60000038,22.99804503,9.935046196,2.591058254,25
208.8984579,42.23704565,-71.06594164,682.3754918,653.2717285,107.5,16,23.10538243,9.935046196,2.5,25
209.8973813,42.23797307,-71.06557994,678.0692195,648.9680176,107.4700012,16.29999924,23.2127125,9.935046196,2.5,25
210.8966733,42.23889858,-71.06520973,674.111458,645.0128174,107.3399963,16.39999962,23.32010278,9.935046196,2.5,25
211.8967433,42.2398243,-71.0648379,670.3834313,641.2873535,107.3199997,16.60000038,23.42712913,9.935046196,2.5,26
212.8924364,42.24074779,-71.06447147,665.8880792,636.7945557,107.0800018,16.60000038,23.53407761,9.935046196,2.5,26
213.9061889,42.2416702,-71.06410343,661.6595745,632.5686035,106.7300034,16.70000076,23.64054911,9.935046196,2.5,24
214.9032562,42.24258689,-71.06372976,656.6940206,627.6055908,106.4899979,16.79999924,23.74724699,9.935046196,2.5,25
215.9071091,42.2435055,-71.06335516,652.5631779,623.4772949,106.1999969,17,23.85322684,9.935046196,2.5,26
216.8987444,42.24441811,-71.06298389,648.3675329,619.2841797,105.9400024,17.10000038,23.95865538,9.935046196,2.599351168,26
217.9001436,42.24532102,-71.06259302,642.995388,613.9145508,105.5299988,17.39999962,24.06433411,9.935046196,3.005674362,26
218.8988931,42.24622873,-71.0622126,638.5055607,609.4272461,105.3499985,17.39999962,24.16960071,9.935046196,2.781611204,26
219.8948368,42.24713111,-71.06182595,633.9920617,604.9162598,104.9899979,17.70000076,24.27466693,9.935046196,2.648583651,26
220.9019282,42.24803115,-71.06143739,629.7563996,600.6831055,104.7799988,17.79999924,24.37941547,9.935046196,2.668518305,26
221.8954654,42.24892605,-71.06103992,624.5543148,595.4835205,104.4400024,18.10000038,24.48335584,9.935046196,2.854383945,26
222.9037568,42.24981423,-71.06064627,620.0746612,591.0063477,104.1100006,18.20000076,24.5876858,9.935046196,3.203871727,26
223.8915579,42.25070513,-71.06024864,616.6826449,587.6168213,103.8899994,18.39999962,24.69166431,9.935046196,3.639424086,26
224.8922071,42.25159336,-71.0598537,614.728625,585.6652832,103.4000015,18.5,24.79536528,10.08162975,3.943194866,25
225.8971636,42.25248081,-71.0594664,614.3063495,585.2454834,102.9400024,18.29999924,24.89867644,10.22072792,4.290840149,25
226.897441,42.25336131,-71.05906575,614.3479513,585.2895508,102.9100037,18.89999962,25.00092086,10.0706501,4.365437508,25
227.8996358,42.25422688,-71.05864654,610.6768121,581.6208496,102.3799973,19,25.10301577,10.06670284,4.52646637,25
228.8972917,42.25509523,-71.05824351,609.0274033,579.973877,101.9499969,19,25.20557915,10.15314007,4.699181557,25
229.8955781,42.25596652,-71.05783454,609.2285695,580.1774902,101.7900009,19.20000076,25.30824431,10.28836346,4.822268486,25
230.8884553,42.25683401,-71.05740745,608.4319323,579.3833008,101.5199966,19.5,25.40973949,10.36058331,4.864467621,26
231.895249,42.25769535,-71.05699934,608.528754,579.4825439,101.2699966,19.5,25.51117522,10.1988554,4.594521046,26
232.899851,42.25855439,-71.05658461,605.34506,576.3012695,101.0400009,19.79999924,25.61235843,9.971141815,4.254687309,24
233.8926138,42.2594085,-71.0561605,603.0130579,573.9716797,100.9700012,19.70000076,25.71345423,9.935046196,4.166596889,25
234.9075593,42.26026558,-71.05575064,602.0010023,572.9620361,100.6999969,19.79999924,25.81429279,9.935046196,4.124130726,25
235.9034533,42.26111869,-71.05533505,599.2575082,570.2209473,100.7200012,19.70000076,25.91454429,10.05812931,4.297850609,23
236.9030323,42.26196806,-71.0549265,596.8293351,567.795166,99.90000153,19.70000076,26.01306607,10.33891773,4.662721634,22
237.9051746,42.26280299,-71.05452581,594.7537421,565.7219238,98.51999664,19.60000038,26.11263359,10.73438072,4.976605415,23
238.9015841,42.2636474,-71.05412322,593.5597155,564.5302734,98.90000153,19.60000038,26.21625205,10.95569229,5.030799389,21
239.8981575,42.2645233,-71.05369343,585.9597096,556.9327393,101.2900009,20.10000038,26.31616854,10.65835762,4.496405125,22
240.8971254,42.26536953,-71.05328508,581.932301,552.9077148,100.6900024,19.89999962,26.41601125,10.67660618,4.012930393,21
241.9015642,42.26621376,-71.05287186,577.1962764,548.1740723,100.4499969,19.89999962,26.51604467,10.35856438,3.723900557,23
242.905547,42.26706008,-71.05245963,572.5062675,543.4864502,100.2099991,19.89999962,26.61627764,10.29802513,3.693186998,23
243.8998593,42.26790833,-71.05204748,567.634735,538.6173096,100.1500015,19.89999962,26.71610737,10.75480366,4.244638443,23
244.9037729,42.26875432,-71.05164134,563.2093785,534.1943359,100.0199966,19.70000076,26.8177299,10.67601204,4.593064308,23
245.900959,42.2696108,-71.05121043,557.6041717,528.5915527,99.69000244,20.10000038,26.91745581,10.26307201,4.313464165,23
246.9025363,42.27045107,-71.05078674,551.0956898,522.0854492,99.40000153,20.10000038,27.01775281,10.02310562,4.49519825,24
247.892403,42.27129922,-71.0503719,544.0505105,515.0426636,99.58000183,19.60000038,27.11742581,9.935046196,3.83032608,25
248.9017165,42.27214241,-71.04996082,538.8038078,509.7983398,99.25,19.89999962,27.21658198,9.935046196,3.76876688,25
249.9017567,42.272982,-71.04955477,533.3552738,504.3521729,99.15000153,19.79999924,27.31595949,10.23404694,4.098062038,25
250.8975015,42.27382334,-71.04914734,527.8204306,498.8197021,99.19000244,19.79999924,27.4147918,10.60394859,4.726993084,25
251.9009703,42.27465986,-71.04874137,522.4780443,493.4796753,98.98000336,19.79999924,27.51426281,11.16092205,5.464272022,25
252.895371,42.27551112,-71.04836977,520.2966504,491.3006592,99.12999725,19.39999962,27.61149338,11.23163605,4.790049076,24
253.9019538,42.27632922,-71.04795252,514.1501663,485.1564941,98.22000122,19.70000076,27.7077755,11.31207561,5.163141727,22
254.8976098,42.27714512,-71.04756066,510.5821321,481.5907593,98.23999786,19.5,27.8057451,10.69787502,4.927241802,20
255.8991289,42.27797434,-71.04715822,506.0145462,477.0255127,97.91000366,19.79999924,27.90385629,10.80310917,5.393215656,15
256.9003426,42.27879771,-71.04672959,495.4813231,466.4946289,97.91999817,19.79999924,28.00279943,10.28263569,4.233733654,15
257.907308,42.2796387,-71.04633668,489.0428018,460.0584717,97.55999756,19.70000076,28.10012697,10.29924965,4.42364502,19
258.8878758,42.28046584,-71.04594972,483.9268287,454.9448242,97.01000214,19.70000076,28.19767926,10.2427578,4.328299522,22
259.8951283,42.28129162,-71.04554932,478.3002312,449.3205566,96.66999817,19.60000038,28.2945472,10.18872833,4.292062759,23
260.8991207,42.28211803,-71.04517681,474.321536,445.3441772,96.05999756,19.29999924,28.39069858,10.11657333,4.154907227,23
261.8982976,42.2829386,-71.04480816,469.3943714,440.4193115,95.55000305,18.89999962,28.48630222,10.11688137,4.273783684,23
262.9009229,42.2837534,-71.04443718,466.1085164,437.1357422,94.91999817,18.70000076,28.58051936,10.08806515,4.14125967,25
263.9023902,42.28455549,-71.04406801,460.9275532,431.9570313,93.98999786,19,28.67382212,9.935046196,3.957346678,25
264.9026363,42.28534735,-71.04369285,456.8345032,427.8662109,93.66000366,19.29999924,28.7661744,10.02007389,4.127151489,25
265.9026201,42.28613065,-71.04331961,453.2395228,424.2734375,92.73000336,19.5,28.85897189,10.0276041,4.164934635,24
266.8986855,42.28691826,-71.04294662,449.101868,420.1380005,92.19999695,19.70000076,28.95092943,10.04458046,4.127659321,23
267.9000116,42.28769665,-71.04256903,442.9923712,414.0307007,91.52999878,20,29.04230154,10.11486244,4.183538914,23
268.9005806,42.28847177,-71.04220025,437.6711566,408.7116699,90.83000183,20.10000038,29.13290141,10.04074287,3.912021875,23
269.9007406,42.28923474,-71.04181375,430.7471186,401.7897949,90.40000153,20.29999924,29.22293348,9.935046196,3.703727484,23
270.9006157,42.28999591,-71.0414406,424.2300141,395.2748413,89.73000336,20.10000038,29.31195603,9.935046196,3.603927612,23
271.9020109,42.29074976,-71.04107619,417.7705502,388.8175049,89.19999695,20,29.40091411,9.935046196,3.414237738,23
272.9003032,42.29150366,-71.0407143,412.0674963,383.1165771,88.62999725,19.89999962,29.48953606,9.935046196,3.143266201,24
273.9013627,42.29225251,-71.0403455,406.3263042,377.3775024,88.08000183,19.89999962,29.57847502,9.935046196,2.943546295,24
274.9037961,42.29300263,-71.03997019,399.9929421,371.0462646,88.16999817,19.89999962,29.66544045,9.935046196,3.08420682,23
275.9030413,42.29373659,-71.03960498,394.970845,366.0262451,86.73000336,20.29999924,29.75206653,9.935046196,2.806590796,23
276.8966802,42.29446876,-71.03924516,390.3713018,361.428772,86.41999817,20.29999924,29.83776296,9.935046196,2.781769276,24
277.8962382,42.29519183,-71.03888461,385.8280558,356.8875732,85.72000122,20.29999924,29.92290853,9.935046196,2.691731215,23
278.9017093,42.29590947,-71.03852352,380.8955409,351.9570923,85.13999939,20.20000076,30.00764267,9.935046196,2.642986059,24
279.8945722,42.29662674,-71.03817563,375.8639744,346.9275513,84.58000183,20.10000038,30.09215191,9.935046196,2.635192156,24
280.8904779,42.29734096,-71.03782437,371.2853555,342.3509521,84.01000214,20.10000038,30.17603201,9.935046196,2.628113747,24
281.9013275,42.29805116,-71.03748058,366.8874151,337.9550171,83.44000244,19.89999962,30.25870622,9.935046196,2.746694326,24
282.8968977,42.29874971,-71.03713634,360.4115621,331.4811401,82.87999725,20,30.34222419,9.935046196,3.012040377,24
283.8982004,42.29945808,-71.03679873,356.2460516,327.317627,82.33999634,19.89999962,30.42456724,9.935046196,2.975348949,26
284.8979831,42.30015561,-71.03646253,351.2996245,322.3731689,81.90000153,19.60000038,30.50580149,9.935046196,3.091311455,25
285.898249,42.30084173,-71.0361233,346.2017966,317.2772827,81.19999695,19.70000076,30.58655922,9.935046196,3.062996387,25
286.9031608,42.30152683,-71.03579738,342.0691277,313.1465454,80.66999817,19.70000076,30.66705718,9.935046196,3.046020985,25
287.9002743,42.30220855,-71.03546802,337.7360869,308.8154297,80.09999847,19.70000076,30.7469676,9.935046196,3.043880701,25
288.9008672,42.30288545,-71.03514165,333.017623,304.098877,80.05999756,19.39999962,30.8267008,9.935046196,3.197404385,25
289.9002053,42.30356206,-71.03482063,328.8535452,299.9367065,79.62000275,19.39999962,30.90460793,10.16350365,3.690792084,24
290.8981173,42.30422186,-71.03450194,324.3916599,295.4766846,77.98999786,19.39999962,30.98289878,10.00548935,3.672354937,23
291.8997757,42.30488651,-71.0341878,320.7673502,291.854248,77.59999847,19.5,31.06081294,9.97365284,3.693692923,23
292.9063941,42.3055469,-71.03387109,316.596541,287.6853027,77.58000183,19.60000038,31.13729596,10.14410782,4.041547298,23
293.9088543,42.30619473,-71.03355856,312.8447115,283.9353027,76.25,19.60000038,31.21342432,10.05226803,3.86883831,24
294.9072673,42.30683851,-71.03324354,308.5455276,279.6379395,75.95999908,19.70000076,31.28894678,10.07208538,3.855518579,26
295.8992672,42.30747642,-71.03292825,304.3579917,275.4522095,75.58999634,19.79999924,31.36446661,10.06724548,3.932023525,26
296.8910629,42.30811489,-71.03261513,300.5867153,271.6827393,75.13999939,19.70000076,31.43979517,10.04583645,3.999449253,23
297.8984287,42.30875398,-71.03231127,297.0633673,268.1611938,75.05999756,19.60000038,31.51506193,10.04074192,3.992898703,24
298.9021601,42.30939054,-71.03200005,293.5700508,264.6696777,74.93000031,19.70000076,31.59052972,9.966192245,3.944097042,25
299.8961532,42.31002764,-71.03168369,289.7032559,260.8046875,74.83000183,19.70000076,31.66507675,9.935046196,3.944244623,26
300.8947163,42.31065803,-71.03137513,286.0063432,257.1095581,74.44999695,19.60000038,31.74049434,10.27425003,4.200380325,25
301.8902729,42.31129738,-71.031069,282.3259496,253.4309692,74.76999664,19.70000076,31.81516074,10.61867142,4.618765354,25
302.8944503,42.31193083,-71.03076771,279.4425097,250.5493164,74.70999908,19.79999924,31.89054994,10.41706371,4.313939095,25
303.8990724,42.31256804,-71.03045453,274.337923,245.4465332,74.68000031,19.89999962,31.96556772,10.34218788,4.137980461,24
304.9003475,42.31320354,-71.03014826,270.8569408,241.9673462,74.56999969,19.89999962,32.04044808,10.30037308,4.01724577,24
305.9048598,42.31383714,-71.02983977,266.5080421,237.6202393,74.66999817,20,32.11518639,10.12742519,3.904900789,24
306.8999733,42.31446742,-71.02952402,262.7753587,233.8893433,74.68000031,20.20000076,32.18934586,10.12147617,4.209997654,24
307.8951719,42.31509287,-71.0292109,258.2491099,229.3648682,74.55000305,20.10000038,32.26323367,10.26193714,4.754617214,24
308.8988926,42.31571916,-71.02891061,254.2452661,225.362793,74.66000366,19.70000076,32.33866937,10.46159935,5.1361866,23
309.9012139,42.31635682,-71.02859743,251.5809855,222.7003174,74.80000305,19.89999962,32.41313789,10.22374439,4.685002804,23
310.8984195,42.31699138,-71.02830786,248.7629176,219.8840332,74.61000061,19.39999962,32.48815777,10.25395107,4.678664207,22
311.897485,42.31762661,-71.02800047,244.5739882,215.6968994,75.01999664,19.70000076,32.56299568,10.24268723,4.682742596,22
312.9023901,42.31826386,-71.02770763,241.1965853,212.3212891,74.45999908,19.60000038,32.63725106,10.14961147,4.559916019,21
313.8970838,42.31889451,-71.02741062,237.0894604,208.2159424,74.33999634,19.60000038,32.71244991,10.20837879,4.912503242,21
314.9030536,42.31953106,-71.02710175,233.4624162,204.5906982,74.76000214,19.79999924,32.78767894,10.24196529,4.814638138,22
315.8949553,42.32016774,-71.02679228,229.9690383,201.0991211,74.62999725,19.79999924,32.86326192,10.12869453,4.611543655,23
316.900223,42.32080477,-71.02647157,225.0982116,196.2301025,74.51000214,19.79999924,32.93816191,10.1622324,4.707377434,23
317.9000398,42.32143685,-71.0261567,220.0382528,191.171936,74.37999725,19.5,33.01267807,10.14971161,4.73316288,23
318.906381,42.32206797,-71.02585194,215.5796205,186.7150879,74.34999847,19.60000038,33.08706158,10.11285686,4.639549255,23
319.9016173,42.3227007,-71.02555828,211.359882,182.4971313,74.19000244,19.39999962,33.1611564,10.09219646,4.604017258,23
320.8933391,42.32333055,-71.02526409,207.4909196,178.6299438,74,19.39999962,33.23500575,10.36649609,5.196818352,22
321.8907997,42.32395841,-71.02497125,203.7626489,174.9034424,74,19.39999962,33.3092865,10.79920578,6.288345337,16
322.8948899,42.32458848,-71.02467104,202.05805,173.2006226,74.33999634,19.60000038,33.38339617,11.17394161,7.210916996,17
323.9016061,42.32521923,-71.02437983,201.5847166,172.7290649,74.37000275,19.60000038,33.45815461,11.16475868,7.534650803,17
324.8927768,42.32585808,-71.02409649,201.1281517,172.274292,73.91000366,19.29999924,33.53162751,11.0972681,7.939079762,17
325.8987181,42.32647947,-71.02379261,199.7343026,170.8822021,74.12999725,20.10000038,33.60503268,11.39331245,8.341098785,17
326.9025477,42.32710618,-71.02351203,199.4592276,170.6088867,73.79000092,19.10000038,33.67843965,12.29163456,8.686823845,15
327.8952313,42.32773875,-71.02325656,197.9214566,169.072876,73.66999817,17.89999962,33.75090699,13.12475777,8.638293266,15
328.8902533,42.32835498,-71.02296965,196.907391,168.0605469,73.19999695,18.60000038,33.82544941,13.41631413,8.784575462,14
329.9113683,42.32897385,-71.02262109,195.4297213,166.5846558,73.80000305,20.10000038,33.89747642,13.5357933,8.608751297,15
330.901316,42.32959119,-71.02235576,192.5795444,163.7362061,73.25,18.5,33.97572038,13.97968388,9.128350258,15
331.9005032,42.3302586,-71.02205418,193.0881057,164.2466431,74.87000275,18.5,34.05247943,13.6367836,8.960427284,15
332.8937395,42.33090444,-71.02172445,192.3096575,163.4700317,74.80999756,19.39999962,34.12510014,13.89404297,9.282187462,16
333.8976976,42.33151717,-71.02141869,191.2899134,162.4520264,73.75,19.39999962,34.19404881,14.53334713,9.589069366,17
334.8966536,42.3321094,-71.02117018,191.6563017,162.8200684,72.54000092,18.5,34.27051883,14.46043396,9.259338379,17
335.9033,42.33276472,-71.02088804,191.795581,162.9611816,74.31999969,18.29999924,34.33898276,14.19995499,8.937789917,17
336.8978906,42.33333768,-71.0205831,188.267699,159.4349365,71.91999817,19.70000076,34.41146641,14.01669312,9.196749687,17
337.8942359,42.33395223,-71.02028905,185.333589,156.5025635,73.01000214,19.10000038,34.48659239,15.075634,9.195766449,17
338.8970662,42.33459073,-71.01999026,184.4057018,155.5764771,73.80000305,18.79999924,34.55665363,15.19880199,9.789743423,15
339.8974722,42.33519414,-71.01974492,181.060027,152.2324829,72.54000092,18,34.62695668,14.64161015,9.292896271,15
340.8886548,42.33579493,-71.01947848,177.6648472,148.8389893,71.97000122,18.39999962,34.70084363,14.1456213,9.294606209,15
341.8986442,42.33641656,-71.0191609,175.7634203,146.9393311,73.26999664,19.29999924,34.77435146,14.27132225,9.323366165,14
342.8921854,42.33704715,-71.01889247,174.7460929,145.9237671,73.48000336,18.20000076,34.85090867,14.35407734,9.317393303,16
343.906175,42.33769639,-71.01858246,173.621211,144.8007202,74.47000122,18.60000038,34.92147856,14.42234612,9.484031677,16
344.8951361,42.33828964,-71.01827744,169.3341825,140.5153809,72.47000122,19.29999924,34.99363366,15.06410122,9.465778351,16
345.8915988,42.338897,-71.01796837,165.416073,136.598999,72.80999756,19.39999962,35.0687448,15.99886703,9.592372894,16
346.9020994,42.33949166,-71.01753489,160.4758909,131.6605835,73.62000275,21.79999924,35.14138571,13.66361618,9.156294823,16
347.9002676,42.34010369,-71.01722583,155.9229427,127.109375,72.98999786,20.39999962,35.21433983,14.48857975,9.229174614,15
348.8976638,42.34071779,-71.01691338,152.1863935,123.3745728,72.91000366,20.29999924,35.28566667,15.54343605,9.514663696,14
349.8966575,42.34130816,-71.01657399,148.6361687,119.8260498,72.73000336,20.89999962,35.35947267,17.26163101,9.573299408,14
350.8993299,42.34193011,-71.01626034,145.8840957,117.0757446,73.34999847,20.79999924,35.43206592,14.25512123,9.615192413,13
351.9057029,42.34253726,-71.0159357,141.937535,113.1309204,73.04000092,21.20000076,35.50499503,14.31829166,9.900780678,13
352.89985,42.34315009,-71.01561956,139.59564,110.7907715,72.86000061,20.89999962,35.57916214,15.57998562,10.17416573,14
353.8966529,42.34377815,-71.01531573,137.3504538,108.5473633,72.76999664,20.29999924,35.64959006,17.55449677,10.51072311,14
354.8945748,42.34438136,-71.01505443,133.2957851,104.4943848,71.91999817,19.39999962,35.72234571,14.28586578,10.66575146,14
355.8980539,42.34499789,-71.01475798,130.3174781,101.5178223,72.11000061,19.60000038,35.79404976,15.26388836,10.88659191,15
356.9000931,42.34560335,-71.01445772,126.6932622,97.89532471,71.65000153,19.5,35.86926476,16.30722809,10.76393318,15
357.8977461,42.3462253,-71.01409789,121.5578614,92.76171875,72.87999725,20.89999962,35.94261945,15.37547207,11.32680225,15
358.89659,42.34684264,-71.01378322,118.8446174,90.05023193,72.43000031,20.70000076,36.01578136,14.78751564,11.1566124,15
359.9003997,42.34746675,-71.01350135,116.8117338,88.019104,72.87999725,19.70000076,36.0857127,15.96830559,11.62213898,15
360.8992056,42.34805433,-71.01319797,112.5294804,83.73852539,71.58000183,20.20000076,36.15516496,14.44055653,11.43936634,15
361.8965971,42.34864484,-71.01292259,106.8335392,78.04425049,71.26000214,19.5,36.22613437,13.90977097,11.30622959,18
362.8910406,42.34924805,-71.01264041,100.872547,72.08496094,71.48000336,19.29999924,36.30052479,13.84591484,11.11578465,19
363.9009732,42.349883,-71.01235526,98.30191389,69.51611328,72.66000366,18.89999962,36.37366817,14.74466133,10.97452831,21
364.8928902,42.35051947,-71.01213047,96.22404833,67.44000244,72.20999908,16.29999924,36.44675436,14.241045,10.96023941,21
365.9011817,42.35114788,-71.01186978,94.32318461,65.54089355,71.91999817,17.29999924,36.51703559,14.22238064,10.94926834,21
366.9010025,42.35173354,-71.01154816,87.98068356,59.20007324,70.87999725,19.10000038,36.58930013,14.26485157,10.14365578,21
367.8993832,42.35234277,-71.01124199,81.14386843,52.36499023,71.33999634,19.10000038,36.66037198,12.86098194,9.451468468,20
368.9009756,42.3529376,-71.01092549,74.64881992,45.87164307,71.23999786,19.79999924,36.73121148,12.83087254,9.409118652,21
369.9045815,42.35353587,-71.01062922,69.29500956,40.51953125,71.15000153,19.79999924,36.80237895,12.62545681,9.169041634,19
370.8913748,42.35413033,-71.01030829,65.01663412,36.24285889,71.43000031,20.39999962,36.8745641,12.89476681,9.167154312,20
371.8891576,42.35473275,-71.00998094,61.70777805,32.93572998,72.04000092,21,36.94670058,13.2083292,9.1863451,20
372.8885477,42.35534917,-71.00970731,59.21959579,30.44927979,71.70999908,20.10000038,37.02083628,14.65558624,9.169044495,21
373.8993416,42.35597971,-71.00941415,57.7527895,28.98425293,72.58999634,19.79999924,37.08789331,16.14985085,9.389333725,21
374.8871208,42.3565379,-71.00910526,54.31203781,25.54510498,69.98999786,21,37.15962333,14.7092886,9.235895157,22
375.8863922,42.35714242,-71.00880059,54.01661692,25.25140381,71.16999817,21,37.23330135,15.77613926,9.500597954,22
376.8854811,42.35775783,-71.00846825,52.60561266,23.84216309,74.70999908,23.89999962,37.30703981,17.16217995,9.648838997,21
377.8874498,42.35833005,-71.0080147,52.08771523,23.32598877,75.62999725,30.10000038,37.38268247,18.88249588,10.11238766,20
378.8913536,42.35894146,-71.0076111,51.50236356,22.74243164,75.36000061,27.70000076,37.45689582,22.03987312,10.52654839,16
379.8919512,42.35958367,-71.00736522,51.12326183,22.3651123,75.31999969,24.5,37.52105569,22.26755333,10.96176434,14
380.8898942,42.36011648,-71.00706551,51.56710138,22.81048584,68.30000305,24.89999962,37.5897161,22.47097397,11.37596798,10
381.8899173,42.36068646,-71.00674411,51.286163,22.53118896,70.12999725,24.10000038,37.6625408,25.22881508,11.85808277,6
382.8879476,42.36121616,-71.00622286,51.50100078,22.74768066,68.58000183,27.10000038,37.73443358,29.29691887,12.93119717,7
383.8884264,42.36168118,-71.00561494,47.18824379,18.4364624,67.52999878,30,37.78882723,30.08413315,13.294734,10
384.8915047,42.36216164,-71.00573934,46.9064483,18.15582275,58.09999847,21.5,37.84101571,25.69202423,14.03473186,12
385.8854217,42.36261211,-71.00556103,45.81199378,17.06262207,56.27000046,19.20000076,37.89259201,25.44952965,14.53580856,14
386.8889903,42.36306877,-71.00545103,44.43881527,15.69067383,55.15000153,18.70000076,37.9418669,21.87202072,14.82281017,16
387.8925953,42.36350624,-71.0053554,44.67238353,15.92541504,50.75999832,19,37.98991126,19.13303375,14.6635828,16
388.8883437,42.3639348,-71.00528098,40.59269331,11.84686279,49.66999817,19.29999924,38.03725968,15.84052849,14.02841187,19
389.8928379,42.36434548,-71.0051287,38.89145232,10.14675903,47.27999878,18.89999962,38.08346901,14.54223728,13.17658806,19
390.8907301,42.36473857,-71.00494622,38.2540816,9.510498047,45.27999878,20.10000038,38.12810599,13.97743607,12.51573849,20
391.8885535,42.36512797,-71.00481421,34.93803847,6.195526123,45.27999878,18.60000038,38.16811848,13.80701733,11.91177082,19
392.8909851,42.3654755,-71.00468791,33.74493887,5.003387451,40.91999817,19.70000076,38.20800123,12.81650829,11.18585587,19
393.8894351,42.36581893,-71.00454789,31.74999244,3.009399414,39.81000137,20,38.2455299,12.14051342,10.06928635,19
394.8899979,42.36614101,-71.00441138,29.08078617,0.341094971,38.04000092,19.5,38.28191517,11.62042809,9.264138222,18
395.8946456,42.36645631,-71.00429293,26.5993823,-2.139434814,36.40000153,19,38.31729179,11.17348957,8.25332737,19
396.8888279,42.36675971,-71.00416334,24.44154976,-4.296417236,34.79999924,19.5,38.34898016,10.8416853,7.529014587,19
397.8947688,42.3670321,-71.00404996,22.75237269,-5.984832764,32.27999878,20.5,38.37969755,10.45825672,6.623953342,20
398.8900728,42.3672929,-71.00392668,20.94786307,-7.788604736,30.04999924,20.39999962,38.40868223,10.33812428,6.351861954,21
399.8884851,42.36753765,-71.00380529,18.67202104,-10.06375122,28.57999992,21.5,38.43501256,10.38929367,6.250531673,21
400.8895491,42.3677598,-71.00369433,17.81000009,-10.92514038,24.62999916,19.79999924,38.4577444,10.2338438,5.984764099,20
401.8890657,42.36795465,-71.00361061,15.29993232,-13.43466187,22.34000015,19.29999924,38.47806656,10.27524853,5.530627251,20
402.9024262,42.36812811,-71.0035327,12.79257759,-15.94152832,19.95000076,20.10000038,38.49554148,10.14159203,4.969619751,21
403.8934019,42.36827902,-71.00347333,12.49537419,-16.23831177,17.22999954,19.20000076,38.5122483,10.01133823,4.803456306,21
404.8904069,42.36841796,-71.00339593,12.25028447,-16.48300171,15.06000042,21.20000076,38.52637512,9.935046196,4.610546112,21
405.8978175,42.36853965,-71.00334653,11.19504383,-17.53790283,13.72000027,20.20000076,38.53993335,9.935046196,4.610169888,21
406.8994772,42.36865285,-71.0032852,10.71086291,-18.02175903,12.67000008,21.79999924,38.55332912,10.13494873,4.705683708,22
407.8968479,42.3687686,-71.00324,10.25897239,-18.47332764,13.14999962,17.60000038,38.56378055,10.43917751,4.834814072,22
408.9088335,42.36886131,-71.00321906,10.41210472,-18.31994629,10.97999954,14.89999962,38.57098458,10.51225185,4.96178484,23
409.8972149,42.36892546,-71.00320679,8.742439065,-19.98944092,8.390000343,6.099999905,38.57883869,10.32660866,4.822481155,23
410.8954951,42.36899609,-71.00320581,7.755044872,-20.97665405,8,359,38.58738735,10.3003912,4.398893356,24
411.8943527,42.36907295,-71.00320818,6.839688696,-21.89181519,7.489999771,350,38.5950818,9.935046196,4.16883707,25
412.8967516,42.36914197,-71.00321489,7.634163413,-21.09716797,7.300000191,353.7000122,38.60311882,10.102705,4.05412817,24
413.9040295,42.36920611,-71.00325999,8.336112977,-20.39508057,7.039999962,338.6000061,38.61278002,10.31080627,4.054375648,24
414.8975257,42.36926603,-71.00334515,8.900004442,-19.83108521,8.579999924,317.6000061,38.62077183,10.22291183,4.000657558,24
415.898522,42.36931094,-71.0034211,7.269440415,-21.46157837,8.039999962,317.8999939,38.62929043,9.935046196,3.838569403,25
416.8989473,42.36936157,-71.00349892,6.940010315,-21.79092407,8.170000076,315,38.63759393,10.23294735,3.962276459,25
417.8932308,42.36941238,-71.00357299,6.395092969,-22.33575439,8.369999886,313.2000122,38.6460199,10.17167377,3.885888577,24
418.8943421,42.36946673,-71.00364446,6.539099402,-22.19165039,8.510000229,315,38.65495667,10.66616535,3.841578722,24
419.8987959,42.36952073,-71.00372503,6.357336844,-22.37332153,8.279999733,309,38.66298339,10.76709747,3.933755636,24
420.8915588,42.36957025,-71.00379612,6.236859553,-22.49371338,8.130000114,309.5,NaN,10.90993309,3.881691694,24
